"a","b","abs_diff","mean_ab","response"
0.286900326,0.132128062,0.154772264,0.209514194,1
0.286900326,0.132128062,0.154772264,0.209514194,1
0.286900326,0.132128062,0.154772264,0.209514194,1
0.286900326,0.132128062,0.154772264,0.209514194,1
0.286900326,0.132128062,0.154772264,0.209514194,1
0.286900326,0.132128062,0.154772264,0.209514194,1
0.286900326,0.132128062,0.154772264,0.209514194,1
0.286900326,0.132128062,0.154772264,0.209514194,1
0.286900326,0.132128062,0.154772264,0.209514194,1
0.286900326,0.132128062,0.154772264,0.209514194,1
0.286900326,0.132128062,0.154772264,0.209514194,1
0.286900326,0.132128062,0.154772264,0.209514194,1
0.286900326,0.132128062,0.154772264,0.209514194,1
0.286900326,0.132128062,0.154772264,0.209514194,1
0.286900326,0.132128062,0.154772264,0.209514194,1
0.286900326,0.132128062,0.154772264,0.209514194,1
0.286900326,0.132128062,0.154772264,0.209514194,1
0.286900326,0.132128062,0.154772264,0.209514194,1
0.286900326,0.132128062,0.154772264,0.209514194,1
0.286900326,0.132128062,0.154772264,0.209514194,1
0.286900326,0.132128062,0.154772264,0.209514194,1
0.286900326,0.132128062,0.154772264,0.209514194,1
0.286900326,0.132128062,0.154772264,0.209514194,1
0.286900326,0.132128062,0.154772264,0.209514194,1
0.286900326,0.132128062,0.154772264,0.209514194,1
0.286900326,0.132128062,0.154772264,0.209514194,1
0.286900326,0.132128062,0.154772264,0.209514194,1
0.286900326,0.132128062,0.154772264,0.209514194,1
0.286900326,0.132128062,0.154772264,0.209514194,1
0.286900326,0.132128062,0.154772264,0.209514194,1
0.286900326,0.132128062,0.154772264,0.209514194,1
0.286900326,0.132128062,0.154772264,0.209514194,1
0.286900326,0.132128062,0.154772264,0.209514194,1
0.286900326,0.132128062,0.154772264,0.209514194,1
0.286900326,0.132128062,0.154772264,0.209514194,1
0.286900326,0.132128062,0.154772264,0.209514194,1
0.286900326,0.132128062,0.154772264,0.209514194,1
0.286900326,0.132128062,0.154772264,0.209514194,1
0.286900326,0.132128062,0.154772264,0.209514194,1
0.286900326,0.132128062,0.154772264,0.209514194,1
0.286900326,0.132128062,0.154772264,0.209514194,1
0.286900326,0.132128062,0.154772264,0.209514194,1
0.286900326,0.132128062,0.154772264,0.209514194,1
0.286900326,0.132128062,0.154772264,0.209514194,1
0.286900326,0.132128062,0.154772264,0.209514194,1
0.286900326,0.132128062,0.154772264,0.209514194,1
0.286900326,0.132128062,0.154772264,0.209514194,1
0.286900326,0.132128062,0.154772264,0.209514194,1
0.286900326,0.132128062,0.154772264,0.209514194,1
0.286900326,0.132128062,0.154772264,0.209514194,1
0.286900326,0.132128062,0.154772264,0.209514194,1
0.286900326,0.132128062,0.154772264,0.209514194,1
0.286900326,0.132128062,0.154772264,0.209514194,1
0.286900326,0.132128062,0.154772264,0.209514194,1
0.286900326,0.132128062,0.154772264,0.209514194,1
0.286900326,0.132128062,0.154772264,0.209514194,1
0.286900326,0.132128062,0.154772264,0.209514194,1
0.286900326,0.132128062,0.154772264,0.209514194,1
0.286900326,0.132128062,0.154772264,0.209514194,1
0.286900326,0.132128062,0.154772264,0.209514194,1
0.286900326,0.132128062,0.154772264,0.209514194,1
0.286900326,0.132128062,0.154772264,0.209514194,1
0.286900326,0.132128062,0.154772264,0.209514194,1
0.286900326,0.132128062,0.154772264,0.209514194,1
0.286900326,0.132128062,0.154772264,0.209514194,1
0.286900326,0.132128062,0.154772264,0.209514194,1
0.286900326,0.132128062,0.154772264,0.209514194,1
0.306280382,0.205370761,0.100909621,0.2558255715,1
0.306280382,0.205370761,0.100909621,0.2558255715,1
0.306280382,0.205370761,0.100909621,0.2558255715,1
0.306280382,0.205370761,0.100909621,0.2558255715,1
0.306280382,0.205370761,0.100909621,0.2558255715,1
0.306280382,0.205370761,0.100909621,0.2558255715,1
0.306280382,0.205370761,0.100909621,0.2558255715,1
0.306280382,0.205370761,0.100909621,0.2558255715,1
0.306280382,0.205370761,0.100909621,0.2558255715,1
0.306280382,0.205370761,0.100909621,0.2558255715,1
0.306280382,0.205370761,0.100909621,0.2558255715,1
0.306280382,0.205370761,0.100909621,0.2558255715,1
0.306280382,0.205370761,0.100909621,0.2558255715,1
0.306280382,0.205370761,0.100909621,0.2558255715,1
0.306280382,0.205370761,0.100909621,0.2558255715,1
0.306280382,0.205370761,0.100909621,0.2558255715,1
0.306280382,0.205370761,0.100909621,0.2558255715,1
0.306280382,0.205370761,0.100909621,0.2558255715,1
0.306280382,0.205370761,0.100909621,0.2558255715,1
0.306280382,0.205370761,0.100909621,0.2558255715,1
0.306280382,0.205370761,0.100909621,0.2558255715,1
0.306280382,0.205370761,0.100909621,0.2558255715,1
0.306280382,0.205370761,0.100909621,0.2558255715,1
0.306280382,0.205370761,0.100909621,0.2558255715,1
0.306280382,0.205370761,0.100909621,0.2558255715,1
0.306280382,0.205370761,0.100909621,0.2558255715,1
0.306280382,0.205370761,0.100909621,0.2558255715,1
0.306280382,0.205370761,0.100909621,0.2558255715,1
0.306280382,0.205370761,0.100909621,0.2558255715,1
0.306280382,0.205370761,0.100909621,0.2558255715,1
0.306280382,0.205370761,0.100909621,0.2558255715,1
0.306280382,0.205370761,0.100909621,0.2558255715,1
0.306280382,0.205370761,0.100909621,0.2558255715,1
0.306280382,0.205370761,0.100909621,0.2558255715,1
0.306280382,0.205370761,0.100909621,0.2558255715,1
0.306280382,0.205370761,0.100909621,0.2558255715,1
0.306280382,0.205370761,0.100909621,0.2558255715,1
0.306280382,0.205370761,0.100909621,0.2558255715,1
0.306280382,0.205370761,0.100909621,0.2558255715,1
0.306280382,0.205370761,0.100909621,0.2558255715,1
0.306280382,0.205370761,0.100909621,0.2558255715,1
0.306280382,0.205370761,0.100909621,0.2558255715,1
0.306280382,0.205370761,0.100909621,0.2558255715,1
0.306280382,0.205370761,0.100909621,0.2558255715,1
0.306280382,0.205370761,0.100909621,0.2558255715,1
0.306280382,0.205370761,0.100909621,0.2558255715,1
0.306280382,0.205370761,0.100909621,0.2558255715,1
0.306280382,0.205370761,0.100909621,0.2558255715,1
0.306280382,0.205370761,0.100909621,0.2558255715,1
0.306280382,0.205370761,0.100909621,0.2558255715,1
0.306280382,0.205370761,0.100909621,0.2558255715,1
0.306280382,0.205370761,0.100909621,0.2558255715,1
0.306280382,0.205370761,0.100909621,0.2558255715,1
0.306280382,0.205370761,0.100909621,0.2558255715,1
0.306280382,0.205370761,0.100909621,0.2558255715,1
0.306280382,0.205370761,0.100909621,0.2558255715,1
0.306280382,0.205370761,0.100909621,0.2558255715,1
0.306280382,0.205370761,0.100909621,0.2558255715,1
0.306280382,0.205370761,0.100909621,0.2558255715,1
0.306280382,0.205370761,0.100909621,0.2558255715,1
0.288650344,0.214663812,0.073986532,0.251657078,1
0.288650344,0.214663812,0.073986532,0.251657078,1
0.288650344,0.214663812,0.073986532,0.251657078,1
0.288650344,0.214663812,0.073986532,0.251657078,1
0.288650344,0.214663812,0.073986532,0.251657078,1
0.288650344,0.214663812,0.073986532,0.251657078,1
0.288650344,0.214663812,0.073986532,0.251657078,1
0.288650344,0.214663812,0.073986532,0.251657078,1
0.288650344,0.214663812,0.073986532,0.251657078,1
0.288650344,0.214663812,0.073986532,0.251657078,1
0.288650344,0.214663812,0.073986532,0.251657078,1
0.288650344,0.214663812,0.073986532,0.251657078,1
0.288650344,0.214663812,0.073986532,0.251657078,1
0.288650344,0.214663812,0.073986532,0.251657078,1
0.288650344,0.214663812,0.073986532,0.251657078,1
0.288650344,0.214663812,0.073986532,0.251657078,1
0.288650344,0.214663812,0.073986532,0.251657078,1
0.288650344,0.214663812,0.073986532,0.251657078,1
0.288650344,0.214663812,0.073986532,0.251657078,1
0.288650344,0.214663812,0.073986532,0.251657078,1
0.288650344,0.214663812,0.073986532,0.251657078,1
0.288650344,0.214663812,0.073986532,0.251657078,1
0.288650344,0.214663812,0.073986532,0.251657078,1
0.288650344,0.214663812,0.073986532,0.251657078,1
0.288650344,0.214663812,0.073986532,0.251657078,1
0.288650344,0.214663812,0.073986532,0.251657078,1
0.288650344,0.214663812,0.073986532,0.251657078,1
0.288650344,0.214663812,0.073986532,0.251657078,1
0.288650344,0.214663812,0.073986532,0.251657078,1
0.288650344,0.214663812,0.073986532,0.251657078,1
0.288650344,0.214663812,0.073986532,0.251657078,1
0.288650344,0.214663812,0.073986532,0.251657078,1
0.288650344,0.214663812,0.073986532,0.251657078,1
0.288650344,0.214663812,0.073986532,0.251657078,1
0.288650344,0.214663812,0.073986532,0.251657078,1
0.288650344,0.214663812,0.073986532,0.251657078,1
0.288650344,0.214663812,0.073986532,0.251657078,1
0.288650344,0.214663812,0.073986532,0.251657078,1
0.288650344,0.214663812,0.073986532,0.251657078,1
0.288650344,0.214663812,0.073986532,0.251657078,1
0.288650344,0.214663812,0.073986532,0.251657078,1
0.288650344,0.214663812,0.073986532,0.251657078,1
0.288650344,0.214663812,0.073986532,0.251657078,1
0.288650344,0.214663812,0.073986532,0.251657078,1
0.288650344,0.214663812,0.073986532,0.251657078,1
0.288650344,0.214663812,0.073986532,0.251657078,1
0.288650344,0.214663812,0.073986532,0.251657078,1
0.288650344,0.214663812,0.073986532,0.251657078,1
0.288650344,0.214663812,0.073986532,0.251657078,1
0.288650344,0.214663812,0.073986532,0.251657078,1
0.288650344,0.214663812,0.073986532,0.251657078,1
0.288650344,0.214663812,0.073986532,0.251657078,1
0.288650344,0.214663812,0.073986532,0.251657078,1
0.288650344,0.214663812,0.073986532,0.251657078,1
0.288650344,0.214663812,0.073986532,0.251657078,1
0.288650344,0.214663812,0.073986532,0.251657078,1
0.288650344,0.214663812,0.073986532,0.251657078,1
0.288650344,0.214663812,0.073986532,0.251657078,1
0.288650344,0.214663812,0.073986532,0.251657078,1
0.288650344,0.214663812,0.073986532,0.251657078,1
0.288650344,0.214663812,0.073986532,0.251657078,1
0.288650344,0.214663812,0.073986532,0.251657078,1
0.288650344,0.214663812,0.073986532,0.251657078,1
0.288650344,0.214663812,0.073986532,0.251657078,1
0.323375812,0.256298576,0.067077236,0.289837194,1
0.323375812,0.256298576,0.067077236,0.289837194,1
0.323375812,0.256298576,0.067077236,0.289837194,1
0.323375812,0.256298576,0.067077236,0.289837194,1
0.323375812,0.256298576,0.067077236,0.289837194,1
0.323375812,0.256298576,0.067077236,0.289837194,1
0.323375812,0.256298576,0.067077236,0.289837194,1
0.323375812,0.256298576,0.067077236,0.289837194,1
0.323375812,0.256298576,0.067077236,0.289837194,1
0.323375812,0.256298576,0.067077236,0.289837194,1
0.323375812,0.256298576,0.067077236,0.289837194,1
0.323375812,0.256298576,0.067077236,0.289837194,1
0.323375812,0.256298576,0.067077236,0.289837194,1
0.323375812,0.256298576,0.067077236,0.289837194,1
0.323375812,0.256298576,0.067077236,0.289837194,1
0.323375812,0.256298576,0.067077236,0.289837194,1
0.323375812,0.256298576,0.067077236,0.289837194,1
0.323375812,0.256298576,0.067077236,0.289837194,1
0.323375812,0.256298576,0.067077236,0.289837194,1
0.323375812,0.256298576,0.067077236,0.289837194,1
0.323375812,0.256298576,0.067077236,0.289837194,1
0.323375812,0.256298576,0.067077236,0.289837194,1
0.323375812,0.256298576,0.067077236,0.289837194,1
0.323375812,0.256298576,0.067077236,0.289837194,1
0.323375812,0.256298576,0.067077236,0.289837194,1
0.323375812,0.256298576,0.067077236,0.289837194,1
0.323375812,0.256298576,0.067077236,0.289837194,1
0.323375812,0.256298576,0.067077236,0.289837194,1
0.323375812,0.256298576,0.067077236,0.289837194,1
0.323375812,0.256298576,0.067077236,0.289837194,1
0.323375812,0.256298576,0.067077236,0.289837194,1
0.323375812,0.256298576,0.067077236,0.289837194,1
0.323375812,0.256298576,0.067077236,0.289837194,1
0.323375812,0.256298576,0.067077236,0.289837194,0
0.323375812,0.256298576,0.067077236,0.289837194,1
0.323375812,0.256298576,0.067077236,0.289837194,0
0.323375812,0.256298576,0.067077236,0.289837194,0
0.323375812,0.256298576,0.067077236,0.289837194,1
0.323375812,0.256298576,0.067077236,0.289837194,1
0.323375812,0.256298576,0.067077236,0.289837194,0
0.323375812,0.256298576,0.067077236,0.289837194,1
0.323375812,0.256298576,0.067077236,0.289837194,1
0.323375812,0.256298576,0.067077236,0.289837194,1
0.323375812,0.256298576,0.067077236,0.289837194,0
0.323375812,0.256298576,0.067077236,0.289837194,1
0.323375812,0.256298576,0.067077236,0.289837194,1
0.323375812,0.256298576,0.067077236,0.289837194,1
0.323375812,0.256298576,0.067077236,0.289837194,0
0.323375812,0.256298576,0.067077236,0.289837194,0
0.323375812,0.256298576,0.067077236,0.289837194,0
0.323375812,0.256298576,0.067077236,0.289837194,1
0.323375812,0.256298576,0.067077236,0.289837194,1
0.323375812,0.256298576,0.067077236,0.289837194,1
0.323375812,0.256298576,0.067077236,0.289837194,1
0.323375812,0.256298576,0.067077236,0.289837194,1
0.323375812,0.256298576,0.067077236,0.289837194,1
0.323375812,0.256298576,0.067077236,0.289837194,1
0.323375812,0.256298576,0.067077236,0.289837194,1
0.323375812,0.256298576,0.067077236,0.289837194,1
0.323375812,0.256298576,0.067077236,0.289837194,1
0.323375812,0.256298576,0.067077236,0.289837194,1
0.323375812,0.256298576,0.067077236,0.289837194,0
0.323375812,0.256298576,0.067077236,0.289837194,0
0.323375812,0.256298576,0.067077236,0.289837194,0
0.323375812,0.256298576,0.067077236,0.289837194,0
0.323375812,0.256298576,0.067077236,0.289837194,0
0.323375812,0.256298576,0.067077236,0.289837194,0
0.268265963,0.237234396,0.031031567,0.2527501795,1
0.268265963,0.237234396,0.031031567,0.2527501795,1
0.268265963,0.237234396,0.031031567,0.2527501795,1
0.268265963,0.237234396,0.031031567,0.2527501795,1
0.268265963,0.237234396,0.031031567,0.2527501795,1
0.268265963,0.237234396,0.031031567,0.2527501795,1
0.268265963,0.237234396,0.031031567,0.2527501795,1
0.268265963,0.237234396,0.031031567,0.2527501795,1
0.268265963,0.237234396,0.031031567,0.2527501795,1
0.268265963,0.237234396,0.031031567,0.2527501795,1
0.268265963,0.237234396,0.031031567,0.2527501795,1
0.268265963,0.237234396,0.031031567,0.2527501795,1
0.268265963,0.237234396,0.031031567,0.2527501795,1
0.268265963,0.237234396,0.031031567,0.2527501795,1
0.268265963,0.237234396,0.031031567,0.2527501795,1
0.268265963,0.237234396,0.031031567,0.2527501795,1
0.268265963,0.237234396,0.031031567,0.2527501795,1
0.268265963,0.237234396,0.031031567,0.2527501795,1
0.268265963,0.237234396,0.031031567,0.2527501795,0
0.268265963,0.237234396,0.031031567,0.2527501795,1
0.268265963,0.237234396,0.031031567,0.2527501795,1
0.268265963,0.237234396,0.031031567,0.2527501795,1
0.268265963,0.237234396,0.031031567,0.2527501795,1
0.268265963,0.237234396,0.031031567,0.2527501795,0
0.268265963,0.237234396,0.031031567,0.2527501795,1
0.268265963,0.237234396,0.031031567,0.2527501795,1
0.268265963,0.237234396,0.031031567,0.2527501795,0
0.268265963,0.237234396,0.031031567,0.2527501795,1
0.268265963,0.237234396,0.031031567,0.2527501795,0
0.268265963,0.237234396,0.031031567,0.2527501795,1
0.268265963,0.237234396,0.031031567,0.2527501795,1
0.268265963,0.237234396,0.031031567,0.2527501795,0
0.268265963,0.237234396,0.031031567,0.2527501795,0
0.268265963,0.237234396,0.031031567,0.2527501795,0
0.268265963,0.237234396,0.031031567,0.2527501795,0
0.268265963,0.237234396,0.031031567,0.2527501795,1
0.268265963,0.237234396,0.031031567,0.2527501795,0
0.268265963,0.237234396,0.031031567,0.2527501795,0
0.268265963,0.237234396,0.031031567,0.2527501795,1
0.268265963,0.237234396,0.031031567,0.2527501795,1
0.268265963,0.237234396,0.031031567,0.2527501795,1
0.268265963,0.237234396,0.031031567,0.2527501795,1
0.268265963,0.237234396,0.031031567,0.2527501795,1
0.268265963,0.237234396,0.031031567,0.2527501795,0
0.268265963,0.237234396,0.031031567,0.2527501795,0
0.268265963,0.237234396,0.031031567,0.2527501795,0
0.268265963,0.237234396,0.031031567,0.2527501795,1
0.268265963,0.237234396,0.031031567,0.2527501795,1
0.268265963,0.237234396,0.031031567,0.2527501795,0
0.268265963,0.237234396,0.031031567,0.2527501795,0
0.268265963,0.237234396,0.031031567,0.2527501795,0
0.268265963,0.237234396,0.031031567,0.2527501795,0
0.268265963,0.237234396,0.031031567,0.2527501795,0
0.268265963,0.237234396,0.031031567,0.2527501795,0
0.268265963,0.237234396,0.031031567,0.2527501795,0
0.268265963,0.237234396,0.031031567,0.2527501795,0
0.283844302,0.262299086,0.021545216,0.273071694,0
0.283844302,0.262299086,0.021545216,0.273071694,1
0.283844302,0.262299086,0.021545216,0.273071694,1
0.283844302,0.262299086,0.021545216,0.273071694,1
0.283844302,0.262299086,0.021545216,0.273071694,1
0.283844302,0.262299086,0.021545216,0.273071694,1
0.283844302,0.262299086,0.021545216,0.273071694,0
0.283844302,0.262299086,0.021545216,0.273071694,0
0.283844302,0.262299086,0.021545216,0.273071694,0
0.283844302,0.262299086,0.021545216,0.273071694,1
0.283844302,0.262299086,0.021545216,0.273071694,0
0.283844302,0.262299086,0.021545216,0.273071694,0
0.283844302,0.262299086,0.021545216,0.273071694,0
0.283844302,0.262299086,0.021545216,0.273071694,0
0.283844302,0.262299086,0.021545216,0.273071694,0
0.283844302,0.262299086,0.021545216,0.273071694,0
0.283844302,0.262299086,0.021545216,0.273071694,0
0.283844302,0.262299086,0.021545216,0.273071694,0
0.283844302,0.262299086,0.021545216,0.273071694,0
0.283844302,0.262299086,0.021545216,0.273071694,0
0.283844302,0.262299086,0.021545216,0.273071694,0
0.283844302,0.262299086,0.021545216,0.273071694,0
0.283844302,0.262299086,0.021545216,0.273071694,0
0.283844302,0.262299086,0.021545216,0.273071694,1
0.283844302,0.262299086,0.021545216,0.273071694,0
0.283844302,0.262299086,0.021545216,0.273071694,0
0.283844302,0.262299086,0.021545216,0.273071694,0
0.283844302,0.262299086,0.021545216,0.273071694,0
0.283844302,0.262299086,0.021545216,0.273071694,0
0.283844302,0.262299086,0.021545216,0.273071694,0
0.283844302,0.262299086,0.021545216,0.273071694,0
0.283844302,0.262299086,0.021545216,0.273071694,0
0.283844302,0.262299086,0.021545216,0.273071694,0
0.283844302,0.262299086,0.021545216,0.273071694,0
0.283844302,0.262299086,0.021545216,0.273071694,0
0.283844302,0.262299086,0.021545216,0.273071694,1
0.283844302,0.262299086,0.021545216,0.273071694,0
0.283844302,0.262299086,0.021545216,0.273071694,0
0.283844302,0.262299086,0.021545216,0.273071694,0
0.283844302,0.262299086,0.021545216,0.273071694,0
0.283844302,0.262299086,0.021545216,0.273071694,0
0.283844302,0.262299086,0.021545216,0.273071694,0
0.283844302,0.262299086,0.021545216,0.273071694,0
0.283844302,0.262299086,0.021545216,0.273071694,0
0.283844302,0.262299086,0.021545216,0.273071694,0
0.283844302,0.262299086,0.021545216,0.273071694,0
0.283844302,0.262299086,0.021545216,0.273071694,0
0.283844302,0.262299086,0.021545216,0.273071694,0
0.283844302,0.262299086,0.021545216,0.273071694,0
0.283844302,0.262299086,0.021545216,0.273071694,0
0.283844302,0.262299086,0.021545216,0.273071694,0
0.283844302,0.262299086,0.021545216,0.273071694,0
0.283844302,0.262299086,0.021545216,0.273071694,0
0.283844302,0.262299086,0.021545216,0.273071694,0
0.283844302,0.262299086,0.021545216,0.273071694,0
0.283844302,0.262299086,0.021545216,0.273071694,0
0.283844302,0.262299086,0.021545216,0.273071694,0
0.269237197,0.280795826,0.011558629,0.2750165115,1
0.269237197,0.280795826,0.011558629,0.2750165115,0
0.269237197,0.280795826,0.011558629,0.2750165115,0
0.269237197,0.280795826,0.011558629,0.2750165115,0
0.269237197,0.280795826,0.011558629,0.2750165115,0
0.269237197,0.280795826,0.011558629,0.2750165115,0
0.269237197,0.280795826,0.011558629,0.2750165115,0
0.269237197,0.280795826,0.011558629,0.2750165115,0
0.269237197,0.280795826,0.011558629,0.2750165115,0
0.269237197,0.280795826,0.011558629,0.2750165115,0
0.269237197,0.280795826,0.011558629,0.2750165115,0
0.269237197,0.280795826,0.011558629,0.2750165115,0
0.269237197,0.280795826,0.011558629,0.2750165115,0
0.269237197,0.280795826,0.011558629,0.2750165115,0
0.269237197,0.280795826,0.011558629,0.2750165115,0
0.269237197,0.280795826,0.011558629,0.2750165115,0
0.269237197,0.280795826,0.011558629,0.2750165115,0
0.269237197,0.280795826,0.011558629,0.2750165115,0
0.269237197,0.280795826,0.011558629,0.2750165115,0
0.269237197,0.280795826,0.011558629,0.2750165115,0
0.269237197,0.280795826,0.011558629,0.2750165115,0
0.269237197,0.280795826,0.011558629,0.2750165115,0
0.269237197,0.280795826,0.011558629,0.2750165115,0
0.269237197,0.280795826,0.011558629,0.2750165115,0
0.269237197,0.280795826,0.011558629,0.2750165115,0
0.269237197,0.280795826,0.011558629,0.2750165115,1
0.269237197,0.280795826,0.011558629,0.2750165115,0
0.269237197,0.280795826,0.011558629,0.2750165115,0
0.269237197,0.280795826,0.011558629,0.2750165115,0
0.269237197,0.280795826,0.011558629,0.2750165115,0
0.269237197,0.280795826,0.011558629,0.2750165115,0
0.269237197,0.280795826,0.011558629,0.2750165115,0
0.269237197,0.280795826,0.011558629,0.2750165115,0
0.269237197,0.280795826,0.011558629,0.2750165115,0
0.269237197,0.280795826,0.011558629,0.2750165115,0
0.269237197,0.280795826,0.011558629,0.2750165115,0
0.269237197,0.280795826,0.011558629,0.2750165115,0
0.269237197,0.280795826,0.011558629,0.2750165115,0
0.269237197,0.280795826,0.011558629,0.2750165115,0
0.269237197,0.280795826,0.011558629,0.2750165115,0
0.269237197,0.280795826,0.011558629,0.2750165115,0
0.269237197,0.280795826,0.011558629,0.2750165115,0
0.269237197,0.280795826,0.011558629,0.2750165115,0
0.269237197,0.280795826,0.011558629,0.2750165115,0
0.269237197,0.280795826,0.011558629,0.2750165115,0
0.269237197,0.280795826,0.011558629,0.2750165115,0
0.269237197,0.280795826,0.011558629,0.2750165115,0
0.269237197,0.280795826,0.011558629,0.2750165115,0
0.269237197,0.280795826,0.011558629,0.2750165115,0
0.269237197,0.280795826,0.011558629,0.2750165115,0
0.269237197,0.280795826,0.011558629,0.2750165115,0
0.269237197,0.280795826,0.011558629,0.2750165115,0
0.269237197,0.280795826,0.011558629,0.2750165115,0
0.269237197,0.280795826,0.011558629,0.2750165115,0
0.269237197,0.280795826,0.011558629,0.2750165115,0
0.319827864,0.350384329,0.030556465,0.3351060965,1
0.319827864,0.350384329,0.030556465,0.3351060965,1
0.319827864,0.350384329,0.030556465,0.3351060965,1
0.319827864,0.350384329,0.030556465,0.3351060965,1
0.319827864,0.350384329,0.030556465,0.3351060965,1
0.319827864,0.350384329,0.030556465,0.3351060965,0
0.319827864,0.350384329,0.030556465,0.3351060965,0
0.319827864,0.350384329,0.030556465,0.3351060965,1
0.319827864,0.350384329,0.030556465,0.3351060965,0
0.319827864,0.350384329,0.030556465,0.3351060965,1
0.319827864,0.350384329,0.030556465,0.3351060965,0
0.319827864,0.350384329,0.030556465,0.3351060965,0
0.319827864,0.350384329,0.030556465,0.3351060965,0
0.319827864,0.350384329,0.030556465,0.3351060965,0
0.319827864,0.350384329,0.030556465,0.3351060965,0
0.319827864,0.350384329,0.030556465,0.3351060965,1
0.319827864,0.350384329,0.030556465,0.3351060965,0
0.319827864,0.350384329,0.030556465,0.3351060965,0
0.319827864,0.350384329,0.030556465,0.3351060965,1
0.319827864,0.350384329,0.030556465,0.3351060965,1
0.319827864,0.350384329,0.030556465,0.3351060965,0
0.319827864,0.350384329,0.030556465,0.3351060965,0
0.319827864,0.350384329,0.030556465,0.3351060965,0
0.319827864,0.350384329,0.030556465,0.3351060965,0
0.319827864,0.350384329,0.030556465,0.3351060965,0
0.319827864,0.350384329,0.030556465,0.3351060965,0
0.319827864,0.350384329,0.030556465,0.3351060965,0
0.319827864,0.350384329,0.030556465,0.3351060965,0
0.319827864,0.350384329,0.030556465,0.3351060965,0
0.319827864,0.350384329,0.030556465,0.3351060965,0
0.319827864,0.350384329,0.030556465,0.3351060965,0
0.319827864,0.350384329,0.030556465,0.3351060965,0
0.319827864,0.350384329,0.030556465,0.3351060965,0
0.319827864,0.350384329,0.030556465,0.3351060965,0
0.319827864,0.350384329,0.030556465,0.3351060965,0
0.319827864,0.350384329,0.030556465,0.3351060965,0
0.319827864,0.350384329,0.030556465,0.3351060965,1
0.319827864,0.350384329,0.030556465,0.3351060965,0
0.319827864,0.350384329,0.030556465,0.3351060965,1
0.319827864,0.350384329,0.030556465,0.3351060965,0
0.319827864,0.350384329,0.030556465,0.3351060965,0
0.319827864,0.350384329,0.030556465,0.3351060965,1
0.319827864,0.350384329,0.030556465,0.3351060965,0
0.319827864,0.350384329,0.030556465,0.3351060965,1
0.319827864,0.350384329,0.030556465,0.3351060965,0
0.319827864,0.350384329,0.030556465,0.3351060965,0
0.319827864,0.350384329,0.030556465,0.3351060965,0
0.319827864,0.350384329,0.030556465,0.3351060965,0
0.319827864,0.350384329,0.030556465,0.3351060965,1
0.319827864,0.350384329,0.030556465,0.3351060965,0
0.319827864,0.350384329,0.030556465,0.3351060965,0
0.319827864,0.350384329,0.030556465,0.3351060965,0
0.319827864,0.350384329,0.030556465,0.3351060965,0
0.319827864,0.350384329,0.030556465,0.3351060965,0
0.319827864,0.350384329,0.030556465,0.3351060965,0
0.319827864,0.350384329,0.030556465,0.3351060965,0
0.319827864,0.350384329,0.030556465,0.3351060965,0
0.319827864,0.350384329,0.030556465,0.3351060965,0
0.319827864,0.350384329,0.030556465,0.3351060965,0
0.319827864,0.350384329,0.030556465,0.3351060965,0
0.263744375,0.321791788,0.058047413,0.2927680815,1
0.263744375,0.321791788,0.058047413,0.2927680815,1
0.263744375,0.321791788,0.058047413,0.2927680815,1
0.263744375,0.321791788,0.058047413,0.2927680815,1
0.263744375,0.321791788,0.058047413,0.2927680815,1
0.263744375,0.321791788,0.058047413,0.2927680815,1
0.263744375,0.321791788,0.058047413,0.2927680815,1
0.263744375,0.321791788,0.058047413,0.2927680815,1
0.263744375,0.321791788,0.058047413,0.2927680815,1
0.263744375,0.321791788,0.058047413,0.2927680815,1
0.263744375,0.321791788,0.058047413,0.2927680815,1
0.263744375,0.321791788,0.058047413,0.2927680815,1
0.263744375,0.321791788,0.058047413,0.2927680815,1
0.263744375,0.321791788,0.058047413,0.2927680815,1
0.263744375,0.321791788,0.058047413,0.2927680815,1
0.263744375,0.321791788,0.058047413,0.2927680815,1
0.263744375,0.321791788,0.058047413,0.2927680815,1
0.263744375,0.321791788,0.058047413,0.2927680815,0
0.263744375,0.321791788,0.058047413,0.2927680815,1
0.263744375,0.321791788,0.058047413,0.2927680815,1
0.263744375,0.321791788,0.058047413,0.2927680815,1
0.263744375,0.321791788,0.058047413,0.2927680815,0
0.263744375,0.321791788,0.058047413,0.2927680815,1
0.263744375,0.321791788,0.058047413,0.2927680815,0
0.263744375,0.321791788,0.058047413,0.2927680815,0
0.263744375,0.321791788,0.058047413,0.2927680815,0
0.263744375,0.321791788,0.058047413,0.2927680815,0
0.263744375,0.321791788,0.058047413,0.2927680815,0
0.263744375,0.321791788,0.058047413,0.2927680815,1
0.263744375,0.321791788,0.058047413,0.2927680815,1
0.263744375,0.321791788,0.058047413,0.2927680815,0
0.263744375,0.321791788,0.058047413,0.2927680815,0
0.263744375,0.321791788,0.058047413,0.2927680815,1
0.263744375,0.321791788,0.058047413,0.2927680815,1
0.263744375,0.321791788,0.058047413,0.2927680815,0
0.263744375,0.321791788,0.058047413,0.2927680815,0
0.263744375,0.321791788,0.058047413,0.2927680815,0
0.263744375,0.321791788,0.058047413,0.2927680815,0
0.263744375,0.321791788,0.058047413,0.2927680815,0
0.263744375,0.321791788,0.058047413,0.2927680815,0
0.263744375,0.321791788,0.058047413,0.2927680815,1
0.263744375,0.321791788,0.058047413,0.2927680815,0
0.263744375,0.321791788,0.058047413,0.2927680815,0
0.263744375,0.321791788,0.058047413,0.2927680815,0
0.263744375,0.321791788,0.058047413,0.2927680815,0
0.263744375,0.321791788,0.058047413,0.2927680815,1
0.263744375,0.321791788,0.058047413,0.2927680815,0
0.263744375,0.321791788,0.058047413,0.2927680815,0
0.263744375,0.321791788,0.058047413,0.2927680815,0
0.263744375,0.321791788,0.058047413,0.2927680815,0
0.263744375,0.321791788,0.058047413,0.2927680815,0
0.263744375,0.321791788,0.058047413,0.2927680815,0
0.263744375,0.321791788,0.058047413,0.2927680815,0
0.263744375,0.321791788,0.058047413,0.2927680815,0
0.263744375,0.321791788,0.058047413,0.2927680815,0
0.263744375,0.321791788,0.058047413,0.2927680815,0
0.263744375,0.321791788,0.058047413,0.2927680815,0
0.263744375,0.321791788,0.058047413,0.2927680815,0
0.263744375,0.321791788,0.058047413,0.2927680815,0
0.263744375,0.321791788,0.058047413,0.2927680815,0
0.263744375,0.321791788,0.058047413,0.2927680815,0
0.263744375,0.321791788,0.058047413,0.2927680815,0
0.263744375,0.321791788,0.058047413,0.2927680815,0
0.263744375,0.321791788,0.058047413,0.2927680815,0
0.263744375,0.321791788,0.058047413,0.2927680815,0
0.263744375,0.321791788,0.058047413,0.2927680815,0
0.319460148,0.414154466,0.094694318,0.366807307,1
0.319460148,0.414154466,0.094694318,0.366807307,1
0.319460148,0.414154466,0.094694318,0.366807307,1
0.319460148,0.414154466,0.094694318,0.366807307,1
0.319460148,0.414154466,0.094694318,0.366807307,1
0.319460148,0.414154466,0.094694318,0.366807307,1
0.319460148,0.414154466,0.094694318,0.366807307,1
0.319460148,0.414154466,0.094694318,0.366807307,1
0.319460148,0.414154466,0.094694318,0.366807307,1
0.319460148,0.414154466,0.094694318,0.366807307,1
0.319460148,0.414154466,0.094694318,0.366807307,1
0.319460148,0.414154466,0.094694318,0.366807307,1
0.319460148,0.414154466,0.094694318,0.366807307,1
0.319460148,0.414154466,0.094694318,0.366807307,1
0.319460148,0.414154466,0.094694318,0.366807307,1
0.319460148,0.414154466,0.094694318,0.366807307,1
0.319460148,0.414154466,0.094694318,0.366807307,1
0.319460148,0.414154466,0.094694318,0.366807307,1
0.319460148,0.414154466,0.094694318,0.366807307,1
0.319460148,0.414154466,0.094694318,0.366807307,1
0.319460148,0.414154466,0.094694318,0.366807307,1
0.319460148,0.414154466,0.094694318,0.366807307,1
0.319460148,0.414154466,0.094694318,0.366807307,1
0.319460148,0.414154466,0.094694318,0.366807307,1
0.319460148,0.414154466,0.094694318,0.366807307,1
0.319460148,0.414154466,0.094694318,0.366807307,1
0.319460148,0.414154466,0.094694318,0.366807307,1
0.319460148,0.414154466,0.094694318,0.366807307,1
0.319460148,0.414154466,0.094694318,0.366807307,1
0.319460148,0.414154466,0.094694318,0.366807307,1
0.319460148,0.414154466,0.094694318,0.366807307,1
0.319460148,0.414154466,0.094694318,0.366807307,1
0.319460148,0.414154466,0.094694318,0.366807307,1
0.319460148,0.414154466,0.094694318,0.366807307,1
0.319460148,0.414154466,0.094694318,0.366807307,1
0.319460148,0.414154466,0.094694318,0.366807307,1
0.319460148,0.414154466,0.094694318,0.366807307,1
0.319460148,0.414154466,0.094694318,0.366807307,1
0.319460148,0.414154466,0.094694318,0.366807307,1
0.319460148,0.414154466,0.094694318,0.366807307,1
0.319460148,0.414154466,0.094694318,0.366807307,1
0.319460148,0.414154466,0.094694318,0.366807307,1
0.319460148,0.414154466,0.094694318,0.366807307,1
0.319460148,0.414154466,0.094694318,0.366807307,1
0.319460148,0.414154466,0.094694318,0.366807307,1
0.319460148,0.414154466,0.094694318,0.366807307,1
0.319460148,0.414154466,0.094694318,0.366807307,1
0.319460148,0.414154466,0.094694318,0.366807307,1
0.319460148,0.414154466,0.094694318,0.366807307,1
0.319460148,0.414154466,0.094694318,0.366807307,1
0.319460148,0.414154466,0.094694318,0.366807307,1
0.319460148,0.414154466,0.094694318,0.366807307,1
0.319460148,0.414154466,0.094694318,0.366807307,1
0.319460148,0.414154466,0.094694318,0.366807307,0
0.319460148,0.414154466,0.094694318,0.366807307,1
0.319460148,0.414154466,0.094694318,0.366807307,0
0.319460148,0.414154466,0.094694318,0.366807307,0
0.319460148,0.414154466,0.094694318,0.366807307,0
0.291232044,0.453033271,0.161801227,0.3721326575,1
0.291232044,0.453033271,0.161801227,0.3721326575,0
0.291232044,0.453033271,0.161801227,0.3721326575,1
0.291232044,0.453033271,0.161801227,0.3721326575,1
0.291232044,0.453033271,0.161801227,0.3721326575,1
0.291232044,0.453033271,0.161801227,0.3721326575,1
0.291232044,0.453033271,0.161801227,0.3721326575,1
0.291232044,0.453033271,0.161801227,0.3721326575,1
0.291232044,0.453033271,0.161801227,0.3721326575,1
0.291232044,0.453033271,0.161801227,0.3721326575,1
0.291232044,0.453033271,0.161801227,0.3721326575,1
0.291232044,0.453033271,0.161801227,0.3721326575,1
0.291232044,0.453033271,0.161801227,0.3721326575,1
0.291232044,0.453033271,0.161801227,0.3721326575,1
0.291232044,0.453033271,0.161801227,0.3721326575,1
0.291232044,0.453033271,0.161801227,0.3721326575,1
0.291232044,0.453033271,0.161801227,0.3721326575,1
0.291232044,0.453033271,0.161801227,0.3721326575,1
0.291232044,0.453033271,0.161801227,0.3721326575,1
0.291232044,0.453033271,0.161801227,0.3721326575,1
0.291232044,0.453033271,0.161801227,0.3721326575,1
0.291232044,0.453033271,0.161801227,0.3721326575,1
0.291232044,0.453033271,0.161801227,0.3721326575,1
0.291232044,0.453033271,0.161801227,0.3721326575,1
0.291232044,0.453033271,0.161801227,0.3721326575,1
0.291232044,0.453033271,0.161801227,0.3721326575,1
0.291232044,0.453033271,0.161801227,0.3721326575,1
0.291232044,0.453033271,0.161801227,0.3721326575,1
0.291232044,0.453033271,0.161801227,0.3721326575,1
0.291232044,0.453033271,0.161801227,0.3721326575,1
0.291232044,0.453033271,0.161801227,0.3721326575,1
0.291232044,0.453033271,0.161801227,0.3721326575,1
0.291232044,0.453033271,0.161801227,0.3721326575,1
0.291232044,0.453033271,0.161801227,0.3721326575,1
0.291232044,0.453033271,0.161801227,0.3721326575,1
0.291232044,0.453033271,0.161801227,0.3721326575,1
0.291232044,0.453033271,0.161801227,0.3721326575,1
0.291232044,0.453033271,0.161801227,0.3721326575,1
0.291232044,0.453033271,0.161801227,0.3721326575,1
0.291232044,0.453033271,0.161801227,0.3721326575,1
0.291232044,0.453033271,0.161801227,0.3721326575,1
0.291232044,0.453033271,0.161801227,0.3721326575,1
0.291232044,0.453033271,0.161801227,0.3721326575,1
0.291232044,0.453033271,0.161801227,0.3721326575,1
0.291232044,0.453033271,0.161801227,0.3721326575,1
0.291232044,0.453033271,0.161801227,0.3721326575,1
0.291232044,0.453033271,0.161801227,0.3721326575,1
0.291232044,0.453033271,0.161801227,0.3721326575,1
0.291232044,0.453033271,0.161801227,0.3721326575,1
0.291232044,0.453033271,0.161801227,0.3721326575,1
0.291232044,0.453033271,0.161801227,0.3721326575,1
0.291232044,0.453033271,0.161801227,0.3721326575,1
0.291232044,0.453033271,0.161801227,0.3721326575,1
0.291232044,0.453033271,0.161801227,0.3721326575,1
0.291232044,0.453033271,0.161801227,0.3721326575,1
0.291232044,0.453033271,0.161801227,0.3721326575,1
0.291232044,0.453033271,0.161801227,0.3721326575,1
0.291232044,0.453033271,0.161801227,0.3721326575,1
0.291232044,0.453033271,0.161801227,0.3721326575,1
0.291232044,0.453033271,0.161801227,0.3721326575,1
0.291232044,0.453033271,0.161801227,0.3721326575,0
0.291232044,0.453033271,0.161801227,0.3721326575,0
0.291232044,0.453033271,0.161801227,0.3721326575,0
0.291232044,0.453033271,0.161801227,0.3721326575,0
0.30847393,0.75383863,0.4453647,0.53115628,1
0.30847393,0.75383863,0.4453647,0.53115628,1
0.30847393,0.75383863,0.4453647,0.53115628,1
0.30847393,0.75383863,0.4453647,0.53115628,1
0.30847393,0.75383863,0.4453647,0.53115628,1
0.30847393,0.75383863,0.4453647,0.53115628,1
0.30847393,0.75383863,0.4453647,0.53115628,1
0.30847393,0.75383863,0.4453647,0.53115628,1
0.30847393,0.75383863,0.4453647,0.53115628,1
0.30847393,0.75383863,0.4453647,0.53115628,1
0.30847393,0.75383863,0.4453647,0.53115628,1
0.30847393,0.75383863,0.4453647,0.53115628,1
0.30847393,0.75383863,0.4453647,0.53115628,1
0.30847393,0.75383863,0.4453647,0.53115628,1
0.30847393,0.75383863,0.4453647,0.53115628,1
0.30847393,0.75383863,0.4453647,0.53115628,1
0.30847393,0.75383863,0.4453647,0.53115628,1
0.30847393,0.75383863,0.4453647,0.53115628,1
0.30847393,0.75383863,0.4453647,0.53115628,1
0.30847393,0.75383863,0.4453647,0.53115628,1
0.30847393,0.75383863,0.4453647,0.53115628,1
0.30847393,0.75383863,0.4453647,0.53115628,1
0.30847393,0.75383863,0.4453647,0.53115628,1
0.30847393,0.75383863,0.4453647,0.53115628,1
0.30847393,0.75383863,0.4453647,0.53115628,1
0.30847393,0.75383863,0.4453647,0.53115628,1
0.30847393,0.75383863,0.4453647,0.53115628,1
0.30847393,0.75383863,0.4453647,0.53115628,1
0.30847393,0.75383863,0.4453647,0.53115628,1
0.30847393,0.75383863,0.4453647,0.53115628,1
0.30847393,0.75383863,0.4453647,0.53115628,1
0.30847393,0.75383863,0.4453647,0.53115628,1
0.30847393,0.75383863,0.4453647,0.53115628,1
0.30847393,0.75383863,0.4453647,0.53115628,1
0.30847393,0.75383863,0.4453647,0.53115628,1
0.30847393,0.75383863,0.4453647,0.53115628,1
0.30847393,0.75383863,0.4453647,0.53115628,1
0.30847393,0.75383863,0.4453647,0.53115628,1
0.30847393,0.75383863,0.4453647,0.53115628,1
0.30847393,0.75383863,0.4453647,0.53115628,1
0.30847393,0.75383863,0.4453647,0.53115628,1
0.30847393,0.75383863,0.4453647,0.53115628,1
0.30847393,0.75383863,0.4453647,0.53115628,1
0.30847393,0.75383863,0.4453647,0.53115628,1
0.30847393,0.75383863,0.4453647,0.53115628,1
0.30847393,0.75383863,0.4453647,0.53115628,1
0.30847393,0.75383863,0.4453647,0.53115628,1
0.30847393,0.75383863,0.4453647,0.53115628,1
0.30847393,0.75383863,0.4453647,0.53115628,1
0.30847393,0.75383863,0.4453647,0.53115628,1
0.30847393,0.75383863,0.4453647,0.53115628,1
0.30847393,0.75383863,0.4453647,0.53115628,1
0.30847393,0.75383863,0.4453647,0.53115628,1
0.30847393,0.75383863,0.4453647,0.53115628,1
0.30847393,0.75383863,0.4453647,0.53115628,1
0.30847393,0.75383863,0.4453647,0.53115628,1
0.30847393,0.75383863,0.4453647,0.53115628,1
0.30847393,0.75383863,0.4453647,0.53115628,1
0.30847393,0.75383863,0.4453647,0.53115628,1
0.30847393,0.75383863,0.4453647,0.53115628,1
0.30847393,0.75383863,0.4453647,0.53115628,1
0.30847393,0.75383863,0.4453647,0.53115628,1
0.30847393,0.75383863,0.4453647,0.53115628,1
0.30847393,0.75383863,0.4453647,0.53115628,1
0.30847393,0.75383863,0.4453647,0.53115628,1
0.30847393,0.75383863,0.4453647,0.53115628,1
0.205262811,0.129220994,0.076041817,0.1672419025,1
0.205262811,0.129220994,0.076041817,0.1672419025,1
0.205262811,0.129220994,0.076041817,0.1672419025,1
0.205262811,0.129220994,0.076041817,0.1672419025,1
0.205262811,0.129220994,0.076041817,0.1672419025,1
0.205262811,0.129220994,0.076041817,0.1672419025,1
0.205262811,0.129220994,0.076041817,0.1672419025,1
0.205262811,0.129220994,0.076041817,0.1672419025,1
0.205262811,0.129220994,0.076041817,0.1672419025,1
0.205262811,0.129220994,0.076041817,0.1672419025,1
0.205262811,0.129220994,0.076041817,0.1672419025,1
0.205262811,0.129220994,0.076041817,0.1672419025,1
0.205262811,0.129220994,0.076041817,0.1672419025,1
0.205262811,0.129220994,0.076041817,0.1672419025,1
0.205262811,0.129220994,0.076041817,0.1672419025,1
0.205262811,0.129220994,0.076041817,0.1672419025,1
0.205262811,0.129220994,0.076041817,0.1672419025,1
0.205262811,0.129220994,0.076041817,0.1672419025,1
0.205262811,0.129220994,0.076041817,0.1672419025,1
0.205262811,0.129220994,0.076041817,0.1672419025,1
0.205262811,0.129220994,0.076041817,0.1672419025,1
0.205262811,0.129220994,0.076041817,0.1672419025,1
0.205262811,0.129220994,0.076041817,0.1672419025,1
0.205262811,0.129220994,0.076041817,0.1672419025,1
0.205262811,0.129220994,0.076041817,0.1672419025,1
0.205262811,0.129220994,0.076041817,0.1672419025,1
0.205262811,0.129220994,0.076041817,0.1672419025,1
0.205262811,0.129220994,0.076041817,0.1672419025,1
0.205262811,0.129220994,0.076041817,0.1672419025,1
0.205262811,0.129220994,0.076041817,0.1672419025,1
0.205262811,0.129220994,0.076041817,0.1672419025,1
0.205262811,0.129220994,0.076041817,0.1672419025,1
0.205262811,0.129220994,0.076041817,0.1672419025,1
0.205262811,0.129220994,0.076041817,0.1672419025,1
0.205262811,0.129220994,0.076041817,0.1672419025,1
0.205262811,0.129220994,0.076041817,0.1672419025,1
0.205262811,0.129220994,0.076041817,0.1672419025,1
0.205262811,0.129220994,0.076041817,0.1672419025,1
0.205262811,0.129220994,0.076041817,0.1672419025,1
0.205262811,0.129220994,0.076041817,0.1672419025,1
0.205262811,0.129220994,0.076041817,0.1672419025,1
0.205262811,0.129220994,0.076041817,0.1672419025,1
0.205262811,0.129220994,0.076041817,0.1672419025,1
0.205262811,0.129220994,0.076041817,0.1672419025,1
0.205262811,0.129220994,0.076041817,0.1672419025,1
0.205262811,0.129220994,0.076041817,0.1672419025,1
0.205262811,0.129220994,0.076041817,0.1672419025,1
0.205262811,0.129220994,0.076041817,0.1672419025,1
0.205262811,0.129220994,0.076041817,0.1672419025,1
0.205262811,0.129220994,0.076041817,0.1672419025,1
0.205262811,0.129220994,0.076041817,0.1672419025,1
0.174892566,0.126039767,0.048852799,0.1504661665,1
0.174892566,0.126039767,0.048852799,0.1504661665,1
0.174892566,0.126039767,0.048852799,0.1504661665,1
0.174892566,0.126039767,0.048852799,0.1504661665,1
0.174892566,0.126039767,0.048852799,0.1504661665,1
0.174892566,0.126039767,0.048852799,0.1504661665,1
0.174892566,0.126039767,0.048852799,0.1504661665,1
0.174892566,0.126039767,0.048852799,0.1504661665,1
0.174892566,0.126039767,0.048852799,0.1504661665,1
0.174892566,0.126039767,0.048852799,0.1504661665,1
0.174892566,0.126039767,0.048852799,0.1504661665,1
0.174892566,0.126039767,0.048852799,0.1504661665,1
0.174892566,0.126039767,0.048852799,0.1504661665,1
0.174892566,0.126039767,0.048852799,0.1504661665,1
0.174892566,0.126039767,0.048852799,0.1504661665,1
0.174892566,0.126039767,0.048852799,0.1504661665,1
0.174892566,0.126039767,0.048852799,0.1504661665,1
0.174892566,0.126039767,0.048852799,0.1504661665,1
0.174892566,0.126039767,0.048852799,0.1504661665,1
0.174892566,0.126039767,0.048852799,0.1504661665,1
0.174892566,0.126039767,0.048852799,0.1504661665,1
0.174892566,0.126039767,0.048852799,0.1504661665,1
0.174892566,0.126039767,0.048852799,0.1504661665,1
0.174892566,0.126039767,0.048852799,0.1504661665,1
0.174892566,0.126039767,0.048852799,0.1504661665,1
0.174892566,0.126039767,0.048852799,0.1504661665,1
0.174892566,0.126039767,0.048852799,0.1504661665,1
0.174892566,0.126039767,0.048852799,0.1504661665,1
0.174892566,0.126039767,0.048852799,0.1504661665,1
0.174892566,0.126039767,0.048852799,0.1504661665,1
0.174892566,0.126039767,0.048852799,0.1504661665,1
0.174892566,0.126039767,0.048852799,0.1504661665,1
0.174892566,0.126039767,0.048852799,0.1504661665,1
0.174892566,0.126039767,0.048852799,0.1504661665,1
0.174892566,0.126039767,0.048852799,0.1504661665,1
0.174892566,0.126039767,0.048852799,0.1504661665,1
0.174892566,0.126039767,0.048852799,0.1504661665,1
0.174892566,0.126039767,0.048852799,0.1504661665,1
0.174892566,0.126039767,0.048852799,0.1504661665,1
0.174892566,0.126039767,0.048852799,0.1504661665,1
0.174892566,0.126039767,0.048852799,0.1504661665,1
0.174892566,0.126039767,0.048852799,0.1504661665,1
0.174892566,0.126039767,0.048852799,0.1504661665,1
0.230494552,0.179130608,0.051363944,0.20481258,1
0.230494552,0.179130608,0.051363944,0.20481258,1
0.230494552,0.179130608,0.051363944,0.20481258,1
0.230494552,0.179130608,0.051363944,0.20481258,1
0.230494552,0.179130608,0.051363944,0.20481258,1
0.230494552,0.179130608,0.051363944,0.20481258,1
0.230494552,0.179130608,0.051363944,0.20481258,1
0.230494552,0.179130608,0.051363944,0.20481258,1
0.230494552,0.179130608,0.051363944,0.20481258,1
0.230494552,0.179130608,0.051363944,0.20481258,1
0.230494552,0.179130608,0.051363944,0.20481258,1
0.230494552,0.179130608,0.051363944,0.20481258,1
0.230494552,0.179130608,0.051363944,0.20481258,1
0.230494552,0.179130608,0.051363944,0.20481258,1
0.230494552,0.179130608,0.051363944,0.20481258,1
0.230494552,0.179130608,0.051363944,0.20481258,1
0.230494552,0.179130608,0.051363944,0.20481258,1
0.230494552,0.179130608,0.051363944,0.20481258,1
0.230494552,0.179130608,0.051363944,0.20481258,1
0.230494552,0.179130608,0.051363944,0.20481258,1
0.230494552,0.179130608,0.051363944,0.20481258,1
0.230494552,0.179130608,0.051363944,0.20481258,1
0.230494552,0.179130608,0.051363944,0.20481258,1
0.230494552,0.179130608,0.051363944,0.20481258,1
0.230494552,0.179130608,0.051363944,0.20481258,1
0.230494552,0.179130608,0.051363944,0.20481258,1
0.230494552,0.179130608,0.051363944,0.20481258,1
0.230494552,0.179130608,0.051363944,0.20481258,1
0.230494552,0.179130608,0.051363944,0.20481258,1
0.230494552,0.179130608,0.051363944,0.20481258,1
0.230494552,0.179130608,0.051363944,0.20481258,1
0.230494552,0.179130608,0.051363944,0.20481258,1
0.230494552,0.179130608,0.051363944,0.20481258,1
0.230494552,0.179130608,0.051363944,0.20481258,1
0.230494552,0.179130608,0.051363944,0.20481258,1
0.230494552,0.179130608,0.051363944,0.20481258,1
0.230494552,0.179130608,0.051363944,0.20481258,1
0.230494552,0.179130608,0.051363944,0.20481258,1
0.230494552,0.179130608,0.051363944,0.20481258,1
0.230494552,0.179130608,0.051363944,0.20481258,1
0.230494552,0.179130608,0.051363944,0.20481258,0
0.230494552,0.179130608,0.051363944,0.20481258,1
0.230494552,0.179130608,0.051363944,0.20481258,1
0.230494552,0.179130608,0.051363944,0.20481258,1
0.230494552,0.179130608,0.051363944,0.20481258,1
0.230494552,0.179130608,0.051363944,0.20481258,1
0.230494552,0.179130608,0.051363944,0.20481258,1
0.230494552,0.179130608,0.051363944,0.20481258,1
0.230494552,0.179130608,0.051363944,0.20481258,1
0.230494552,0.179130608,0.051363944,0.20481258,1
0.230494552,0.179130608,0.051363944,0.20481258,1
0.230494552,0.179130608,0.051363944,0.20481258,0
0.230494552,0.179130608,0.051363944,0.20481258,1
0.230494552,0.179130608,0.051363944,0.20481258,0
0.230494552,0.179130608,0.051363944,0.20481258,1
0.230494552,0.179130608,0.051363944,0.20481258,1
0.199253704,0.17122136,0.028032344,0.185237532,1
0.199253704,0.17122136,0.028032344,0.185237532,1
0.199253704,0.17122136,0.028032344,0.185237532,1
0.199253704,0.17122136,0.028032344,0.185237532,1
0.199253704,0.17122136,0.028032344,0.185237532,1
0.199253704,0.17122136,0.028032344,0.185237532,1
0.199253704,0.17122136,0.028032344,0.185237532,1
0.199253704,0.17122136,0.028032344,0.185237532,1
0.199253704,0.17122136,0.028032344,0.185237532,1
0.199253704,0.17122136,0.028032344,0.185237532,1
0.199253704,0.17122136,0.028032344,0.185237532,1
0.199253704,0.17122136,0.028032344,0.185237532,1
0.199253704,0.17122136,0.028032344,0.185237532,1
0.199253704,0.17122136,0.028032344,0.185237532,1
0.199253704,0.17122136,0.028032344,0.185237532,1
0.199253704,0.17122136,0.028032344,0.185237532,1
0.199253704,0.17122136,0.028032344,0.185237532,1
0.199253704,0.17122136,0.028032344,0.185237532,1
0.199253704,0.17122136,0.028032344,0.185237532,1
0.199253704,0.17122136,0.028032344,0.185237532,1
0.199253704,0.17122136,0.028032344,0.185237532,1
0.199253704,0.17122136,0.028032344,0.185237532,1
0.199253704,0.17122136,0.028032344,0.185237532,1
0.199253704,0.17122136,0.028032344,0.185237532,0
0.199253704,0.17122136,0.028032344,0.185237532,1
0.199253704,0.17122136,0.028032344,0.185237532,1
0.199253704,0.17122136,0.028032344,0.185237532,1
0.199253704,0.17122136,0.028032344,0.185237532,1
0.199253704,0.17122136,0.028032344,0.185237532,1
0.199253704,0.17122136,0.028032344,0.185237532,1
0.199253704,0.17122136,0.028032344,0.185237532,1
0.199253704,0.17122136,0.028032344,0.185237532,1
0.199253704,0.17122136,0.028032344,0.185237532,1
0.199253704,0.17122136,0.028032344,0.185237532,1
0.199253704,0.17122136,0.028032344,0.185237532,1
0.199253704,0.17122136,0.028032344,0.185237532,1
0.199253704,0.17122136,0.028032344,0.185237532,1
0.199253704,0.17122136,0.028032344,0.185237532,1
0.199253704,0.17122136,0.028032344,0.185237532,1
0.199253704,0.17122136,0.028032344,0.185237532,1
0.199253704,0.17122136,0.028032344,0.185237532,1
0.199253704,0.17122136,0.028032344,0.185237532,0
0.199253704,0.17122136,0.028032344,0.185237532,1
0.199253704,0.17122136,0.028032344,0.185237532,1
0.199253704,0.17122136,0.028032344,0.185237532,1
0.199253704,0.17122136,0.028032344,0.185237532,0
0.199253704,0.17122136,0.028032344,0.185237532,0
0.199253704,0.17122136,0.028032344,0.185237532,0
0.199253704,0.17122136,0.028032344,0.185237532,0
0.199253704,0.17122136,0.028032344,0.185237532,0
0.199253704,0.17122136,0.028032344,0.185237532,0
0.199253704,0.17122136,0.028032344,0.185237532,0
0.199253704,0.17122136,0.028032344,0.185237532,1
0.199253704,0.17122136,0.028032344,0.185237532,0
0.199253704,0.17122136,0.028032344,0.185237532,0
0.178472627,0.167762711,0.010709916,0.173117669,1
0.178472627,0.167762711,0.010709916,0.173117669,1
0.178472627,0.167762711,0.010709916,0.173117669,1
0.178472627,0.167762711,0.010709916,0.173117669,1
0.178472627,0.167762711,0.010709916,0.173117669,1
0.178472627,0.167762711,0.010709916,0.173117669,1
0.178472627,0.167762711,0.010709916,0.173117669,0
0.178472627,0.167762711,0.010709916,0.173117669,0
0.178472627,0.167762711,0.010709916,0.173117669,0
0.178472627,0.167762711,0.010709916,0.173117669,0
0.178472627,0.167762711,0.010709916,0.173117669,0
0.178472627,0.167762711,0.010709916,0.173117669,0
0.178472627,0.167762711,0.010709916,0.173117669,1
0.178472627,0.167762711,0.010709916,0.173117669,0
0.178472627,0.167762711,0.010709916,0.173117669,0
0.178472627,0.167762711,0.010709916,0.173117669,1
0.178472627,0.167762711,0.010709916,0.173117669,0
0.178472627,0.167762711,0.010709916,0.173117669,0
0.178472627,0.167762711,0.010709916,0.173117669,1
0.178472627,0.167762711,0.010709916,0.173117669,0
0.178472627,0.167762711,0.010709916,0.173117669,0
0.178472627,0.167762711,0.010709916,0.173117669,1
0.178472627,0.167762711,0.010709916,0.173117669,0
0.178472627,0.167762711,0.010709916,0.173117669,0
0.178472627,0.167762711,0.010709916,0.173117669,1
0.178472627,0.167762711,0.010709916,0.173117669,1
0.178472627,0.167762711,0.010709916,0.173117669,0
0.178472627,0.167762711,0.010709916,0.173117669,0
0.178472627,0.167762711,0.010709916,0.173117669,0
0.178472627,0.167762711,0.010709916,0.173117669,1
0.178472627,0.167762711,0.010709916,0.173117669,0
0.178472627,0.167762711,0.010709916,0.173117669,1
0.178472627,0.167762711,0.010709916,0.173117669,0
0.178472627,0.167762711,0.010709916,0.173117669,0
0.178472627,0.167762711,0.010709916,0.173117669,0
0.178472627,0.167762711,0.010709916,0.173117669,0
0.178472627,0.167762711,0.010709916,0.173117669,0
0.178472627,0.167762711,0.010709916,0.173117669,0
0.178472627,0.167762711,0.010709916,0.173117669,0
0.178472627,0.167762711,0.010709916,0.173117669,0
0.178472627,0.167762711,0.010709916,0.173117669,0
0.178472627,0.167762711,0.010709916,0.173117669,0
0.178472627,0.167762711,0.010709916,0.173117669,0
0.178472627,0.167762711,0.010709916,0.173117669,0
0.178472627,0.167762711,0.010709916,0.173117669,0
0.178472627,0.167762711,0.010709916,0.173117669,0
0.178472627,0.167762711,0.010709916,0.173117669,0
0.178472627,0.167762711,0.010709916,0.173117669,0
0.178472627,0.167762711,0.010709916,0.173117669,0
0.178472627,0.167762711,0.010709916,0.173117669,0
0.178472627,0.167762711,0.010709916,0.173117669,0
0.178472627,0.167762711,0.010709916,0.173117669,0
0.178472627,0.167762711,0.010709916,0.173117669,0
0.178472627,0.167762711,0.010709916,0.173117669,0
0.178472627,0.167762711,0.010709916,0.173117669,0
0.178472627,0.167762711,0.010709916,0.173117669,0
0.178472627,0.167762711,0.010709916,0.173117669,0
0.178472627,0.167762711,0.010709916,0.173117669,0
0.178472627,0.167762711,0.010709916,0.173117669,0
0.178472627,0.167762711,0.010709916,0.173117669,0
0.173531426,0.165964518,0.00756690799999998,0.169747972,0
0.173531426,0.165964518,0.00756690799999998,0.169747972,0
0.173531426,0.165964518,0.00756690799999998,0.169747972,0
0.173531426,0.165964518,0.00756690799999998,0.169747972,0
0.173531426,0.165964518,0.00756690799999998,0.169747972,0
0.173531426,0.165964518,0.00756690799999998,0.169747972,0
0.173531426,0.165964518,0.00756690799999998,0.169747972,0
0.173531426,0.165964518,0.00756690799999998,0.169747972,0
0.173531426,0.165964518,0.00756690799999998,0.169747972,0
0.173531426,0.165964518,0.00756690799999998,0.169747972,0
0.173531426,0.165964518,0.00756690799999998,0.169747972,0
0.173531426,0.165964518,0.00756690799999998,0.169747972,0
0.173531426,0.165964518,0.00756690799999998,0.169747972,0
0.173531426,0.165964518,0.00756690799999998,0.169747972,0
0.173531426,0.165964518,0.00756690799999998,0.169747972,0
0.173531426,0.165964518,0.00756690799999998,0.169747972,0
0.173531426,0.165964518,0.00756690799999998,0.169747972,0
0.173531426,0.165964518,0.00756690799999998,0.169747972,0
0.173531426,0.165964518,0.00756690799999998,0.169747972,0
0.173531426,0.165964518,0.00756690799999998,0.169747972,0
0.173531426,0.165964518,0.00756690799999998,0.169747972,0
0.173531426,0.165964518,0.00756690799999998,0.169747972,0
0.173531426,0.165964518,0.00756690799999998,0.169747972,0
0.173531426,0.165964518,0.00756690799999998,0.169747972,0
0.173531426,0.165964518,0.00756690799999998,0.169747972,0
0.173531426,0.165964518,0.00756690799999998,0.169747972,0
0.173531426,0.165964518,0.00756690799999998,0.169747972,1
0.173531426,0.165964518,0.00756690799999998,0.169747972,0
0.173531426,0.165964518,0.00756690799999998,0.169747972,1
0.173531426,0.165964518,0.00756690799999998,0.169747972,0
0.173531426,0.165964518,0.00756690799999998,0.169747972,1
0.173531426,0.165964518,0.00756690799999998,0.169747972,0
0.173531426,0.165964518,0.00756690799999998,0.169747972,0
0.173531426,0.165964518,0.00756690799999998,0.169747972,0
0.173531426,0.165964518,0.00756690799999998,0.169747972,1
0.173531426,0.165964518,0.00756690799999998,0.169747972,0
0.173531426,0.165964518,0.00756690799999998,0.169747972,0
0.173531426,0.165964518,0.00756690799999998,0.169747972,0
0.173531426,0.165964518,0.00756690799999998,0.169747972,0
0.173531426,0.165964518,0.00756690799999998,0.169747972,0
0.173531426,0.165964518,0.00756690799999998,0.169747972,0
0.173531426,0.165964518,0.00756690799999998,0.169747972,0
0.173531426,0.165964518,0.00756690799999998,0.169747972,0
0.173531426,0.165964518,0.00756690799999998,0.169747972,0
0.173531426,0.165964518,0.00756690799999998,0.169747972,0
0.173531426,0.165964518,0.00756690799999998,0.169747972,0
0.173531426,0.165964518,0.00756690799999998,0.169747972,0
0.173531426,0.165964518,0.00756690799999998,0.169747972,0
0.173531426,0.165964518,0.00756690799999998,0.169747972,0
0.173531426,0.165964518,0.00756690799999998,0.169747972,0
0.173531426,0.165964518,0.00756690799999998,0.169747972,0
0.173531426,0.165964518,0.00756690799999998,0.169747972,0
0.173531426,0.165964518,0.00756690799999998,0.169747972,0
0.173531426,0.165964518,0.00756690799999998,0.169747972,0
0.173531426,0.165964518,0.00756690799999998,0.169747972,0
0.173531426,0.165964518,0.00756690799999998,0.169747972,0
0.173531426,0.165964518,0.00756690799999998,0.169747972,0
0.207205715,0.213218706,0.006012991,0.2102122105,0
0.207205715,0.213218706,0.006012991,0.2102122105,0
0.207205715,0.213218706,0.006012991,0.2102122105,0
0.207205715,0.213218706,0.006012991,0.2102122105,0
0.207205715,0.213218706,0.006012991,0.2102122105,0
0.207205715,0.213218706,0.006012991,0.2102122105,0
0.207205715,0.213218706,0.006012991,0.2102122105,0
0.207205715,0.213218706,0.006012991,0.2102122105,0
0.207205715,0.213218706,0.006012991,0.2102122105,0
0.207205715,0.213218706,0.006012991,0.2102122105,0
0.207205715,0.213218706,0.006012991,0.2102122105,0
0.207205715,0.213218706,0.006012991,0.2102122105,0
0.207205715,0.213218706,0.006012991,0.2102122105,0
0.207205715,0.213218706,0.006012991,0.2102122105,0
0.207205715,0.213218706,0.006012991,0.2102122105,0
0.207205715,0.213218706,0.006012991,0.2102122105,0
0.207205715,0.213218706,0.006012991,0.2102122105,0
0.207205715,0.213218706,0.006012991,0.2102122105,0
0.207205715,0.213218706,0.006012991,0.2102122105,0
0.207205715,0.213218706,0.006012991,0.2102122105,0
0.207205715,0.213218706,0.006012991,0.2102122105,0
0.207205715,0.213218706,0.006012991,0.2102122105,0
0.207205715,0.213218706,0.006012991,0.2102122105,0
0.207205715,0.213218706,0.006012991,0.2102122105,0
0.207205715,0.213218706,0.006012991,0.2102122105,0
0.207205715,0.213218706,0.006012991,0.2102122105,0
0.207205715,0.213218706,0.006012991,0.2102122105,0
0.207205715,0.213218706,0.006012991,0.2102122105,0
0.207205715,0.213218706,0.006012991,0.2102122105,0
0.207205715,0.213218706,0.006012991,0.2102122105,0
0.207205715,0.213218706,0.006012991,0.2102122105,0
0.207205715,0.213218706,0.006012991,0.2102122105,0
0.207205715,0.213218706,0.006012991,0.2102122105,0
0.207205715,0.213218706,0.006012991,0.2102122105,0
0.207205715,0.213218706,0.006012991,0.2102122105,0
0.207205715,0.213218706,0.006012991,0.2102122105,0
0.207205715,0.213218706,0.006012991,0.2102122105,0
0.207205715,0.213218706,0.006012991,0.2102122105,0
0.207205715,0.213218706,0.006012991,0.2102122105,0
0.207205715,0.213218706,0.006012991,0.2102122105,0
0.207205715,0.213218706,0.006012991,0.2102122105,0
0.207205715,0.213218706,0.006012991,0.2102122105,0
0.207205715,0.213218706,0.006012991,0.2102122105,0
0.207205715,0.213218706,0.006012991,0.2102122105,0
0.207205715,0.213218706,0.006012991,0.2102122105,0
0.207205715,0.213218706,0.006012991,0.2102122105,0
0.207205715,0.213218706,0.006012991,0.2102122105,0
0.207205715,0.213218706,0.006012991,0.2102122105,0
0.172748516,0.194191567,0.021443051,0.1834700415,0
0.172748516,0.194191567,0.021443051,0.1834700415,1
0.172748516,0.194191567,0.021443051,0.1834700415,1
0.172748516,0.194191567,0.021443051,0.1834700415,1
0.172748516,0.194191567,0.021443051,0.1834700415,1
0.172748516,0.194191567,0.021443051,0.1834700415,1
0.172748516,0.194191567,0.021443051,0.1834700415,1
0.172748516,0.194191567,0.021443051,0.1834700415,1
0.172748516,0.194191567,0.021443051,0.1834700415,0
0.172748516,0.194191567,0.021443051,0.1834700415,0
0.172748516,0.194191567,0.021443051,0.1834700415,0
0.172748516,0.194191567,0.021443051,0.1834700415,0
0.172748516,0.194191567,0.021443051,0.1834700415,0
0.172748516,0.194191567,0.021443051,0.1834700415,1
0.172748516,0.194191567,0.021443051,0.1834700415,0
0.172748516,0.194191567,0.021443051,0.1834700415,1
0.172748516,0.194191567,0.021443051,0.1834700415,1
0.172748516,0.194191567,0.021443051,0.1834700415,0
0.172748516,0.194191567,0.021443051,0.1834700415,0
0.172748516,0.194191567,0.021443051,0.1834700415,1
0.172748516,0.194191567,0.021443051,0.1834700415,0
0.172748516,0.194191567,0.021443051,0.1834700415,0
0.172748516,0.194191567,0.021443051,0.1834700415,0
0.172748516,0.194191567,0.021443051,0.1834700415,0
0.172748516,0.194191567,0.021443051,0.1834700415,1
0.172748516,0.194191567,0.021443051,0.1834700415,0
0.172748516,0.194191567,0.021443051,0.1834700415,1
0.172748516,0.194191567,0.021443051,0.1834700415,1
0.172748516,0.194191567,0.021443051,0.1834700415,0
0.172748516,0.194191567,0.021443051,0.1834700415,0
0.172748516,0.194191567,0.021443051,0.1834700415,1
0.172748516,0.194191567,0.021443051,0.1834700415,1
0.172748516,0.194191567,0.021443051,0.1834700415,0
0.172748516,0.194191567,0.021443051,0.1834700415,1
0.172748516,0.194191567,0.021443051,0.1834700415,0
0.172748516,0.194191567,0.021443051,0.1834700415,1
0.172748516,0.194191567,0.021443051,0.1834700415,0
0.172748516,0.194191567,0.021443051,0.1834700415,1
0.172748516,0.194191567,0.021443051,0.1834700415,1
0.172748516,0.194191567,0.021443051,0.1834700415,1
0.172748516,0.194191567,0.021443051,0.1834700415,0
0.172748516,0.194191567,0.021443051,0.1834700415,0
0.172748516,0.194191567,0.021443051,0.1834700415,1
0.172748516,0.194191567,0.021443051,0.1834700415,0
0.172748516,0.194191567,0.021443051,0.1834700415,1
0.172748516,0.194191567,0.021443051,0.1834700415,0
0.172748516,0.194191567,0.021443051,0.1834700415,0
0.172748516,0.194191567,0.021443051,0.1834700415,0
0.172748516,0.194191567,0.021443051,0.1834700415,0
0.172748516,0.194191567,0.021443051,0.1834700415,0
0.172748516,0.194191567,0.021443051,0.1834700415,0
0.172748516,0.194191567,0.021443051,0.1834700415,0
0.172748516,0.194191567,0.021443051,0.1834700415,0
0.172748516,0.194191567,0.021443051,0.1834700415,0
0.172748516,0.194191567,0.021443051,0.1834700415,0
0.172748516,0.194191567,0.021443051,0.1834700415,0
0.172748516,0.194191567,0.021443051,0.1834700415,0
0.199336537,0.242700898,0.043364361,0.2210187175,1
0.199336537,0.242700898,0.043364361,0.2210187175,1
0.199336537,0.242700898,0.043364361,0.2210187175,1
0.199336537,0.242700898,0.043364361,0.2210187175,1
0.199336537,0.242700898,0.043364361,0.2210187175,1
0.199336537,0.242700898,0.043364361,0.2210187175,1
0.199336537,0.242700898,0.043364361,0.2210187175,1
0.199336537,0.242700898,0.043364361,0.2210187175,1
0.199336537,0.242700898,0.043364361,0.2210187175,1
0.199336537,0.242700898,0.043364361,0.2210187175,1
0.199336537,0.242700898,0.043364361,0.2210187175,1
0.199336537,0.242700898,0.043364361,0.2210187175,1
0.199336537,0.242700898,0.043364361,0.2210187175,1
0.199336537,0.242700898,0.043364361,0.2210187175,1
0.199336537,0.242700898,0.043364361,0.2210187175,1
0.199336537,0.242700898,0.043364361,0.2210187175,1
0.199336537,0.242700898,0.043364361,0.2210187175,1
0.199336537,0.242700898,0.043364361,0.2210187175,1
0.199336537,0.242700898,0.043364361,0.2210187175,1
0.199336537,0.242700898,0.043364361,0.2210187175,1
0.199336537,0.242700898,0.043364361,0.2210187175,1
0.199336537,0.242700898,0.043364361,0.2210187175,1
0.199336537,0.242700898,0.043364361,0.2210187175,1
0.199336537,0.242700898,0.043364361,0.2210187175,1
0.199336537,0.242700898,0.043364361,0.2210187175,1
0.199336537,0.242700898,0.043364361,0.2210187175,1
0.199336537,0.242700898,0.043364361,0.2210187175,1
0.199336537,0.242700898,0.043364361,0.2210187175,1
0.199336537,0.242700898,0.043364361,0.2210187175,1
0.199336537,0.242700898,0.043364361,0.2210187175,1
0.199336537,0.242700898,0.043364361,0.2210187175,1
0.199336537,0.242700898,0.043364361,0.2210187175,1
0.199336537,0.242700898,0.043364361,0.2210187175,1
0.199336537,0.242700898,0.043364361,0.2210187175,1
0.199336537,0.242700898,0.043364361,0.2210187175,1
0.199336537,0.242700898,0.043364361,0.2210187175,1
0.199336537,0.242700898,0.043364361,0.2210187175,1
0.199336537,0.242700898,0.043364361,0.2210187175,1
0.199336537,0.242700898,0.043364361,0.2210187175,1
0.199336537,0.242700898,0.043364361,0.2210187175,1
0.199336537,0.242700898,0.043364361,0.2210187175,1
0.199336537,0.242700898,0.043364361,0.2210187175,1
0.199336537,0.242700898,0.043364361,0.2210187175,1
0.199336537,0.242700898,0.043364361,0.2210187175,1
0.199336537,0.242700898,0.043364361,0.2210187175,1
0.199336537,0.242700898,0.043364361,0.2210187175,1
0.199336537,0.242700898,0.043364361,0.2210187175,1
0.199336537,0.242700898,0.043364361,0.2210187175,1
0.199336537,0.242700898,0.043364361,0.2210187175,1
0.199336537,0.242700898,0.043364361,0.2210187175,0
0.199336537,0.242700898,0.043364361,0.2210187175,1
0.199336537,0.242700898,0.043364361,0.2210187175,0
0.199336537,0.242700898,0.043364361,0.2210187175,1
0.199336537,0.242700898,0.043364361,0.2210187175,0
0.250391385,0.318617686,0.068226301,0.2845045355,1
0.250391385,0.318617686,0.068226301,0.2845045355,1
0.250391385,0.318617686,0.068226301,0.2845045355,1
0.250391385,0.318617686,0.068226301,0.2845045355,1
0.250391385,0.318617686,0.068226301,0.2845045355,1
0.250391385,0.318617686,0.068226301,0.2845045355,1
0.250391385,0.318617686,0.068226301,0.2845045355,1
0.250391385,0.318617686,0.068226301,0.2845045355,1
0.250391385,0.318617686,0.068226301,0.2845045355,1
0.250391385,0.318617686,0.068226301,0.2845045355,1
0.250391385,0.318617686,0.068226301,0.2845045355,1
0.250391385,0.318617686,0.068226301,0.2845045355,1
0.250391385,0.318617686,0.068226301,0.2845045355,1
0.250391385,0.318617686,0.068226301,0.2845045355,1
0.250391385,0.318617686,0.068226301,0.2845045355,1
0.250391385,0.318617686,0.068226301,0.2845045355,1
0.250391385,0.318617686,0.068226301,0.2845045355,1
0.250391385,0.318617686,0.068226301,0.2845045355,1
0.250391385,0.318617686,0.068226301,0.2845045355,1
0.250391385,0.318617686,0.068226301,0.2845045355,1
0.250391385,0.318617686,0.068226301,0.2845045355,1
0.250391385,0.318617686,0.068226301,0.2845045355,1
0.250391385,0.318617686,0.068226301,0.2845045355,1
0.250391385,0.318617686,0.068226301,0.2845045355,1
0.250391385,0.318617686,0.068226301,0.2845045355,1
0.250391385,0.318617686,0.068226301,0.2845045355,1
0.250391385,0.318617686,0.068226301,0.2845045355,1
0.250391385,0.318617686,0.068226301,0.2845045355,1
0.250391385,0.318617686,0.068226301,0.2845045355,1
0.250391385,0.318617686,0.068226301,0.2845045355,1
0.250391385,0.318617686,0.068226301,0.2845045355,1
0.250391385,0.318617686,0.068226301,0.2845045355,1
0.250391385,0.318617686,0.068226301,0.2845045355,1
0.250391385,0.318617686,0.068226301,0.2845045355,1
0.250391385,0.318617686,0.068226301,0.2845045355,1
0.250391385,0.318617686,0.068226301,0.2845045355,1
0.250391385,0.318617686,0.068226301,0.2845045355,1
0.250391385,0.318617686,0.068226301,0.2845045355,1
0.250391385,0.318617686,0.068226301,0.2845045355,1
0.250391385,0.318617686,0.068226301,0.2845045355,1
0.250391385,0.318617686,0.068226301,0.2845045355,1
0.250391385,0.318617686,0.068226301,0.2845045355,1
0.250391385,0.318617686,0.068226301,0.2845045355,1
0.250391385,0.318617686,0.068226301,0.2845045355,1
0.250391385,0.318617686,0.068226301,0.2845045355,1
0.211242396,0.284827183,0.073584787,0.2480347895,1
0.211242396,0.284827183,0.073584787,0.2480347895,1
0.211242396,0.284827183,0.073584787,0.2480347895,1
0.211242396,0.284827183,0.073584787,0.2480347895,1
0.211242396,0.284827183,0.073584787,0.2480347895,1
0.211242396,0.284827183,0.073584787,0.2480347895,1
0.211242396,0.284827183,0.073584787,0.2480347895,1
0.211242396,0.284827183,0.073584787,0.2480347895,1
0.211242396,0.284827183,0.073584787,0.2480347895,1
0.211242396,0.284827183,0.073584787,0.2480347895,1
0.211242396,0.284827183,0.073584787,0.2480347895,1
0.211242396,0.284827183,0.073584787,0.2480347895,1
0.211242396,0.284827183,0.073584787,0.2480347895,1
0.211242396,0.284827183,0.073584787,0.2480347895,1
0.211242396,0.284827183,0.073584787,0.2480347895,1
0.211242396,0.284827183,0.073584787,0.2480347895,1
0.211242396,0.284827183,0.073584787,0.2480347895,1
0.211242396,0.284827183,0.073584787,0.2480347895,1
0.211242396,0.284827183,0.073584787,0.2480347895,1
0.211242396,0.284827183,0.073584787,0.2480347895,1
0.211242396,0.284827183,0.073584787,0.2480347895,1
0.211242396,0.284827183,0.073584787,0.2480347895,1
0.211242396,0.284827183,0.073584787,0.2480347895,1
0.211242396,0.284827183,0.073584787,0.2480347895,1
0.211242396,0.284827183,0.073584787,0.2480347895,1
0.211242396,0.284827183,0.073584787,0.2480347895,1
0.211242396,0.284827183,0.073584787,0.2480347895,1
0.211242396,0.284827183,0.073584787,0.2480347895,1
0.211242396,0.284827183,0.073584787,0.2480347895,1
0.211242396,0.284827183,0.073584787,0.2480347895,1
0.211242396,0.284827183,0.073584787,0.2480347895,1
0.211242396,0.284827183,0.073584787,0.2480347895,1
0.211242396,0.284827183,0.073584787,0.2480347895,1
0.211242396,0.284827183,0.073584787,0.2480347895,1
0.211242396,0.284827183,0.073584787,0.2480347895,1
0.211242396,0.284827183,0.073584787,0.2480347895,1
0.211242396,0.284827183,0.073584787,0.2480347895,1
0.211242396,0.284827183,0.073584787,0.2480347895,1
0.211242396,0.284827183,0.073584787,0.2480347895,1
0.211242396,0.284827183,0.073584787,0.2480347895,1
0.211242396,0.284827183,0.073584787,0.2480347895,1
0.211242396,0.284827183,0.073584787,0.2480347895,1
0.211242396,0.284827183,0.073584787,0.2480347895,1
0.211242396,0.284827183,0.073584787,0.2480347895,1
0.211242396,0.284827183,0.073584787,0.2480347895,1
0.211242396,0.284827183,0.073584787,0.2480347895,1
0.211242396,0.284827183,0.073584787,0.2480347895,1
0.211242396,0.284827183,0.073584787,0.2480347895,1
0.211242396,0.284827183,0.073584787,0.2480347895,1
0.211242396,0.284827183,0.073584787,0.2480347895,1
0.211242396,0.284827183,0.073584787,0.2480347895,1
0.211242396,0.284827183,0.073584787,0.2480347895,1
0.211242396,0.284827183,0.073584787,0.2480347895,1
0.211242396,0.284827183,0.073584787,0.2480347895,1
0.229071205,0.493441547,0.264370342,0.361256376,1
0.229071205,0.493441547,0.264370342,0.361256376,1
0.229071205,0.493441547,0.264370342,0.361256376,1
0.229071205,0.493441547,0.264370342,0.361256376,1
0.229071205,0.493441547,0.264370342,0.361256376,1
0.229071205,0.493441547,0.264370342,0.361256376,1
0.229071205,0.493441547,0.264370342,0.361256376,1
0.229071205,0.493441547,0.264370342,0.361256376,1
0.229071205,0.493441547,0.264370342,0.361256376,1
0.229071205,0.493441547,0.264370342,0.361256376,1
0.229071205,0.493441547,0.264370342,0.361256376,1
0.229071205,0.493441547,0.264370342,0.361256376,1
0.229071205,0.493441547,0.264370342,0.361256376,1
0.229071205,0.493441547,0.264370342,0.361256376,1
0.229071205,0.493441547,0.264370342,0.361256376,1
0.229071205,0.493441547,0.264370342,0.361256376,1
0.229071205,0.493441547,0.264370342,0.361256376,1
0.229071205,0.493441547,0.264370342,0.361256376,1
0.229071205,0.493441547,0.264370342,0.361256376,1
0.229071205,0.493441547,0.264370342,0.361256376,1
0.229071205,0.493441547,0.264370342,0.361256376,1
0.229071205,0.493441547,0.264370342,0.361256376,1
0.229071205,0.493441547,0.264370342,0.361256376,1
0.229071205,0.493441547,0.264370342,0.361256376,1
0.229071205,0.493441547,0.264370342,0.361256376,1
0.229071205,0.493441547,0.264370342,0.361256376,1
0.229071205,0.493441547,0.264370342,0.361256376,1
0.229071205,0.493441547,0.264370342,0.361256376,1
0.229071205,0.493441547,0.264370342,0.361256376,1
0.229071205,0.493441547,0.264370342,0.361256376,1
0.229071205,0.493441547,0.264370342,0.361256376,1
0.229071205,0.493441547,0.264370342,0.361256376,1
0.229071205,0.493441547,0.264370342,0.361256376,1
0.229071205,0.493441547,0.264370342,0.361256376,1
0.229071205,0.493441547,0.264370342,0.361256376,1
0.229071205,0.493441547,0.264370342,0.361256376,1
0.229071205,0.493441547,0.264370342,0.361256376,1
0.229071205,0.493441547,0.264370342,0.361256376,1
0.229071205,0.493441547,0.264370342,0.361256376,1
0.229071205,0.493441547,0.264370342,0.361256376,1
0.229071205,0.493441547,0.264370342,0.361256376,1
0.229071205,0.493441547,0.264370342,0.361256376,1
0.229071205,0.493441547,0.264370342,0.361256376,0
0.229071205,0.493441547,0.264370342,0.361256376,1
