Stimulus A,Stumulus B,Mean chemotaxis index (A relative to B),Standard deviation (measured/estimated),Standard error,Number of days repeated,All measured Chemotaxis indexes
'DA-2','DA-3',0.760448664,0.075928209,0.026844676,8,0.836026 0.851138 0.840706 0.699340 0.747767 0.662653 0.766055 0.679905 
'DA-2','DA-4',0.933215025,0.056584714,0.056584714,1,0.933215
'DA-2','DA-5',0.97629521,0.048623841,0.048623841,1,0.976295
'DA-2','IA-1',0.073071385,0.215532368,0.12443767,3,-0.008104 -0.176012 0.403330 
'DA-2','IA-2',0.147854094,0.19321068,0.073026773,7,0.165863 -0.027734 0.481106 0.177375 0.275533 -0.086386 0.049222 
'DA-2','IA-3',0.206781823,0.369806086,0.139773562,7,0.409959 0.192770 0.611125 0.272569 0.512986 -0.436257 -0.115679 
'DA-2','IA-4',0.589393051,0.12012026,0.069351465,3,0.627402 0.477744 0.663033 
'DA-2','NH4Ac-1E-0',0.210111393,0.190208472,0.190208472,1,0.210111
'DA-2','NH4Ac-2E+1',-0.52928614,0.131227536,0.131227536,1,-0.529286
'DA-2','NH4Ac-5E-0',-0.208520866,0.190502389,0.190502389,1,-0.208521
'DA-2','NaCl-1E-0',0.629934312,0.11262856,0.079640419,2,0.577654 0.682215 
'DA-2','NaCl-2E+1',-0.357835903,0.162910166,0.115194883,2,-0.715672
'DA-2','NaCl-2E-1',0.839506297,0.073901337,0.052256136,2,0.822431 0.856582 
'DA-2','NaCl-5E-0',0.058696333,0.218188762,0.154282753,2,0.128210 -0.010818 
'DA-2','No',0.914733577,0.053495088,0.017831696,9,1.000000 0.954451 0.857333 0.876483 0.843848 0.900456 0.975610 0.899158 0.925263 
'DA-2','PD-2',0.74019794,0.092252725,0.065232527,2,0.763663 0.716733 
'DA-2','PD-3',0.716793722,0.096577637,0.068290702,2,0.833689 0.599899 
'DA-2','PD-4',0.611090625,0.116110723,0.082102679,2,0.600172 0.622009 
'DA-2','PD-5',0.74622911,0.091138213,0.064444449,2,0.869092 0.623366 
'DA-2','Py-2',-0.078111095,0.21460107,0.123899985,3,0.087602 -0.233393 -0.088542 
'DA-2','Py-3',-0.092861526,0.449940239,0.170061425,7,-0.604777 -0.669969 0.537523 0.299850 -0.238029 0.123605 -0.098233 
'DA-2','Py-4',-0.135737279,0.203952212,0.144215992,2,-0.271475
'DA-2','Py-5',0.665372473,0.106079872,0.075009797,2,0.643445 0.687300 
'DA-2','TT-2',0.839934909,0.073822132,0.042621228,3,0.981132 0.763181 0.775492 
'DA-2','TT-3',-0.069875287,0.216122981,0.152822025,2,0.034416 -0.174166 
'DA-2','TT-4',0.135380817,0.190009256,0.084974723,5,-0.136073 0.363108 0.223678 0.042110 0.184082 
'DA-2','TT-5',0.52766165,0.131527729,0.131527729,1,0.527662
'DA-3','DA-4',0.822369317,0.077068113,0.077068113,1,0.822369
'DA-3','DA-5',0.93314768,0.056597159,0.056597159,1,0.933148
'DA-3','IA-1',0.308622244,0.172004456,0.099306819,3,0.271340 -0.022849 0.677376 
'DA-3','IA-2',0.333178574,0.144422304,0.051060995,8,0.492248 0.481340 0.403936 0.114618 0.289763 0.436636 0.291645 0.155243 
'DA-3','IA-3',0.37629683,0.235260451,0.08317713,8,0.532545 0.630292 0.746442 0.149564 0.388449 0.187527 0.227966 0.147590 
'DA-3','IA-4',0.725971976,0.094881569,0.0547799,3,0.716669 0.838004 0.623242 
'DA-3','NH4Ac-1E-0',0.81148539,0.079079376,0.079079376,1,0.811485
'DA-3','NH4Ac-2E+1',0.361602388,0.16221415,0.16221415,1,0.361602
'DA-3','NH4Ac-5E-0',0.596800202,0.118751478,0.118751478,1,0.5968
'DA-3','NaCl-1E-0',0.689163428,0.101683494,0.071901088,2,0.653185 0.725142 
'DA-3','NaCl-2E+1',0.065267371,0.216974487,0.153424131,2,0.215211 -0.084676 
'DA-3','NaCl-2E-1',0.84722157,0.059492274,0.026605754,5,0.777773 0.882867 0.794988 0.918825 0.861656 
'DA-3','NaCl-5E-0',0.450906755,0.109109687,0.044543843,6,0.536889 0.378993 0.260912 0.503445 0.528243 0.496959 
'DA-3','No',0.911752254,0.065327137,0.018118488,13,0.990826 0.983322 0.854272 0.854052 0.788514 0.972634 0.947058 0.911509 0.914888 0.973920 0.878770 0.831172 0.951841 
'DA-3','PD-2',-0.07258967,0.215621385,0.124489065,3,-0.228290 -0.018945 0.029466 
'DA-3','PD-3',0.500462384,0.136553935,0.078839451,3,0.584846 0.572461 0.344080 
'DA-3','PD-4',0.443556966,0.147069601,0.103993912,2,0.527409 0.359705 
'DA-3','PD-5',0.56464372,0.124693739,0.088171788,2,0.688889 0.440399 
'DA-3','Py-2',0.617613226,0.114905398,0.057452699,4,0.684379 0.764800 0.480560 0.540713 
'DA-3','Py-3',0.419039874,0.275490147,0.097400476,8,0.397420 0.810176 -0.068770 0.686657 0.447414 0.190179 0.527506 0.361738 
'DA-3','Py-4',0.690199447,0.101492046,0.05859646,3,0.688902 0.928340 0.453357 
'DA-3','Py-5',0.857657985,0.037551693,0.015330414,6,0.870306 0.864674 0.915570 0.862784 0.820867 0.811747 
'DA-3','TT-2',0.941692017,0.055018234,0.027509117,4,0.993902 0.969878 0.909710 0.893278 
'DA-3','TT-3',0.541179528,0.129029733,0.074495351,3,0.772963 0.619341 0.231235 
'DA-3','TT-4',0.45578903,0.044191717,0.019763137,5,0.402740 0.460922 0.503118 0.419131 0.493034 
'DA-3','TT-5',0.860717596,0.069981658,0.069981658,1,0.860718
'DA-4','DA-5',0.590679401,0.119882553,0.119882553,1,0.590679
'DA-4','IA-1',-0.061316461,0.217704583,0.217704583,1,-0.061316
'DA-4','IA-2',0.081728352,0.212492804,0.095029671,5,-0.137246 0.303420 -0.149738 0.239555 0.152650 
'DA-4','IA-3',0.229958306,0.20777238,0.092918633,5,0.255172 0.556714 -0.013175 0.186403 0.164678 
'DA-4','IA-4',0.441494759,0.14745068,0.08513069,3,0.333333 0.648436 0.342715 
'DA-4','NH4Ac-1E-0',0.884285714,0.065626459,0.065626459,1,0.884286
'DA-4','NH4Ac-2E+1',0.616121866,0.11518099,0.11518099,1,0.616122
'DA-4','NH4Ac-5E-0',0.788650187,0.083299138,0.083299138,1,0.78865
'DA-4','NaCl-1E-0',0.638815156,0.110987451,0.07847998,2,0.560698 0.716933 
'DA-4','NaCl-2E+1',0.115599958,0.207673428,0.146847289,2,0.205862 0.025337 
'DA-4','NaCl-2E-1',0.75752786,0.089050295,0.062968067,2,0.661146 0.853910 
'DA-4','NaCl-5E-0',0.300019484,0.173594177,0.12274962,2,0.229305 0.370734 
'DA-4','No',0.812554273,0.091201608,0.034470968,7,0.781649 0.803805 0.709709 0.932007 0.879933 0.694196 0.886581 
'DA-4','PD-2',-0.756345261,0.08926883,0.051539383,3,-2.269036
'DA-4','PD-3',-0.479421053,0.140442205,0.099307635,2,-0.958842
'DA-4','PD-4',0.152842241,0.200791353,0.141980927,2,0.053853 0.251832 
'DA-4','PD-5',0.448159291,0.146219128,0.103392537,2,0.485965 0.410354 
'DA-4','Py-2',0.456034056,0.144763934,0.10236356,2,0.386597 0.525471 
'DA-4','Py-3',0.365789903,0.161440331,0.114155553,2,0.241148 0.490432 
'DA-4','Py-4',0.652092661,0.108533875,0.076745039,2,0.419643 0.884542 
'DA-4','Py-5',0.781746032,0.084574971,0.084574971,1,0.781746
'DA-4','TT-2',0.708031603,0.098196806,0.056693953,3,0.702014 0.802680 0.619400 
'DA-4','TT-3',-0.02926223,0.223627948,0.158128839,2,0.011614 -0.070139 
'DA-4','TT-4',0.077673325,0.214681966,0.214681966,1,0.077673
'DA-4','TT-5',0.372474747,0.160205025,0.160205025,1,0.372475
'DA-5','IA-1',-0.767590618,0.087190778,0.087190778,1,-0.767591
'DA-5','IA-2',-0.663678319,0.106392938,0.061425991,3,-1.991036
'DA-5','IA-3',-0.433865833,0.148860444,0.085944618,3,-1.301598
'DA-5','IA-4',-0.089573312,0.212482944,0.106241472,4,-0.358294
'DA-5','NH4Ac-1E-0',0.457098039,0.144567319,0.144567319,1,0.457098
'DA-5','NH4Ac-2E+1',-0.061178015,0.217730167,0.217730167,1,-0.061178
'DA-5','NH4Ac-5E-0',0.177313883,0.196269189,0.196269189,1,0.177314
'DA-5','NaCl-1E-0',0.288279874,0.175763563,0.124283607,2,0.195752 0.380808 
'DA-5','NaCl-2E+1',-0.327349619,0.168543787,0.119178455,2,-0.654699
'DA-5','NaCl-2E-1',0.390009141,0.115839215,0.047291161,6,0.399613 0.500396 0.540841 0.309986 0.233537 0.355681 
'DA-5','NaCl-5E-0',-0.217830365,0.158703179,0.070974219,5,-0.345842 0.003529 -0.304135 -0.339434 -0.103271 
'DA-5','No',0.492605092,0.171500111,0.049507818,12,0.263579 0.412450 0.393091 0.719903 0.457364 0.290055 0.292778 0.502707 0.761785 0.553990 0.577821 0.685738 
'DA-5','PD-2',-0.834918019,0.074749213,0.052855676,2,-1.669836
'DA-5','PD-3',-0.949593588,0.053558087,0.037871287,2,-1.899187
'DA-5','PD-4',-0.658694913,0.107313832,0.075882338,2,-1.31739
'DA-5','PD-5',-0.143640789,0.202491707,0.116908642,3,-0.430922
'DA-5','Py-2',-0.581681476,0.121545298,0.121545298,1,-0.581681
'DA-5','Py-3',-0.622885429,0.148582234,0.066447995,5,-3.114428
'DA-5','Py-4',-0.05438914,0.218984697,0.218984697,1,-0.054389
'DA-5','Py-5',0.149727591,0.233133262,0.095176256,6,0.539582 -0.013184 0.315128 0.000849 -0.055876 0.111866 
'DA-5','TT-2',-0.404315606,0.154321089,0.154321089,1,-0.404316
'DA-5','TT-3',-0.782661783,0.084405747,0.084405747,1,-0.782662
'DA-5','TT-4',-0.745915033,0.091196252,0.091196252,1,-0.745915
'DA-5','TT-5',-0.285781404,0.17622526,0.124610077,2,-0.571562
'IA-1','IA-2',0.807289117,0.079854813,0.079854813,1,0.807289
'IA-1','IA-3',0.981028369,0.047749191,0.047749191,1,0.981028
'IA-1','IA-4',0.981147498,0.047727177,0.047727177,1,0.981147
'IA-1','NH4Ac-1E-0',0.494969647,0.137568949,0.137568949,1,0.49497
'IA-1','NH4Ac-2E+1',-0.128918835,0.205212206,0.205212206,1,-0.128919
'IA-1','NH4Ac-5E-0',0.077760973,0.214665769,0.214665769,1,0.077761
'IA-1','NaCl-1E-0',0.651807851,0.108586505,0.076782254,2,0.630896 0.672720 
'IA-1','NaCl-2E+1',0.154514548,0.200482324,0.141762411,2,0.468369 -0.159340 
'IA-1','NaCl-2E-1',0.841301798,0.073569542,0.052021522,2,0.809485 0.873119 
'IA-1','NaCl-5E-0',0.405174893,0.1541623,0.109009208,2,0.373703 0.436647 
'IA-1','No',0.835990476,0.128042865,0.052273281,6,0.973988 0.792932 0.610515 0.904762 0.824436 0.909310 
'IA-1','PD-2',0.40904091,0.153447891,0.108504044,2,0.484603 0.333479 
'IA-1','PD-3',0.235567302,0.185504424,0.131171436,2,0.587636 -0.116502 
'IA-1','PD-4',0.418830956,0.151638769,0.107224802,2,0.321942 0.515720 
'IA-1','PD-5',0.725507043,0.094967485,0.067152153,2,0.686019 0.764995 
'IA-1','Py-2',0.245627063,0.183645461,0.183645461,1,0.245627
'IA-1','Py-3',0.184428818,0.194954406,0.194954406,1,0.184429
'IA-1','Py-4',0.557098765,0.126087986,0.126087986,1,0.557099
'IA-1','Py-5',0.952386482,0.053041983,0.053041983,1,0.952386
'IA-1','TT-2',-0.483137442,0.139755446,0.139755446,1,-0.483137
'IA-1','TT-3',-0.602885957,0.117626879,0.117626879,1,-0.602886
'IA-1','TT-4',-0.22637486,0.187203114,0.187203114,1,-0.226375
'IA-1','TT-5',0.353233208,0.163760707,0.163760707,1,0.353233
'IA-2','IA-3',0.787849109,0.083447171,0.05900606,2,0.773135 0.802564 
'IA-2','IA-4',0.937990064,0.055702325,0.039387492,2,0.928431 0.947549 
'IA-2','NH4Ac-1E-0',0.620068659,0.114451654,0.114451654,1,0.620069
'IA-2','NH4Ac-2E+1',0.249433559,0.182942051,0.182942051,1,0.249434
'IA-2','NH4Ac-5E-0',0.47996369,0.14034193,0.14034193,1,0.479964
'IA-2','NaCl-1E-0',0.637100716,0.111304266,0.078704001,2,0.564258 0.709944 
'IA-2','NaCl-2E+1',0.076283703,0.214938757,0.151984653,2,0.372831 -0.220263 
'IA-2','NaCl-2E-1',0.749917739,0.090456584,0.063962464,2,0.718074 0.781762 
'IA-2','NaCl-5E-0',0.263703943,0.180304998,0.127494887,2,0.114795 0.412613 
'IA-2','No',0.877221271,0.064242187,0.026226763,6,0.947663 0.804284 0.800017 0.941520 0.876556 0.893288 
'IA-2','PD-2',-0.215222934,0.1892639,0.109271564,3,-0.395931 0.094607 -0.344344 
'IA-2','PD-3',-0.172583626,0.197143303,0.113820739,3,-0.442365 -0.091462 0.016077 
'IA-2','PD-4',-0.021085082,0.22513902,0.129984074,3,-0.122355 -0.050000 0.109100 
'IA-2','PD-5',0.531051363,0.130901337,0.075575922,3,0.490885 0.411780 0.690490 
'IA-2','Py-2',-0.03503624,0.222560958,0.222560958,1,-0.035036
'IA-2','Py-3',-0.206192922,0.190932574,0.190932574,1,-0.206193
'IA-2','Py-4',0.498371336,0.136940344,0.136940344,1,0.498371
'IA-2','Py-5',0.924212759,0.058248261,0.058248261,1,0.924213
'IA-2','TT-2',-0.467846394,0.142581109,0.071290554,4,-1.871385
'IA-2','TT-3',-0.601134641,0.117950509,0.068098758,3,-1.803404
'IA-2','TT-4',-0.029035613,0.223669825,0.223669825,1,-0.029036
'IA-2','TT-5',0.62238773,0.114023108,0.114023108,1,0.622388
'IA-3','IA-4',0.70297413,0.099131387,0.070096476,2,0.709877 0.696071 
'IA-3','NH4Ac-1E-0',0.580289473,0.121802529,0.121802529,1,0.580289
'IA-3','NH4Ac-2E+1',-0.000995445,0.228851424,0.228851424,1,-0.000995
'IA-3','NH4Ac-5E-0',0.296650786,0.174216686,0.174216686,1,0.296651
'IA-3','NaCl-1E-0',0.244417968,0.183868892,0.13001494,2,0.201046 0.287790 
'IA-3','NaCl-2E+1',-0.017086189,0.225877983,0.159719854,2,0.154295 -0.188467 
'IA-3','NaCl-2E-1',0.612908778,0.115774742,0.081865105,2,0.504959 0.720859 
'IA-3','NaCl-5E-0',-0.043665506,0.220966338,0.156246796,2,-0.191163 0.103832 
'IA-3','No',0.709125846,0.10725114,0.047964168,5,0.836407 0.642569 0.711504 0.569444 0.785705 
'IA-3','PD-2',-0.585906521,0.120764543,0.085393427,2,-1.171813
'IA-3','PD-3',-0.575095772,0.122762283,0.070876837,3,-1.725287
'IA-3','PD-4',-0.336386075,0.166873922,0.117997682,2,-0.672772
'IA-3','PD-5',0.281034919,0.177102373,0.125230289,2,0.285258 0.276812 
'IA-3','Py-2',-0.301020408,0.173409214,0.173409214,1,-0.30102
'IA-3','Py-3',-0.28251148,0.176829516,0.176829516,1,-0.282511
'IA-3','Py-4',0.242018106,0.184312367,0.184312367,1,0.242018
'IA-3','Py-5',0.613965744,0.115579424,0.115579424,1,0.613966
'IA-3','TT-2',-0.23368333,0.185852567,0.092926283,4,-0.934733
'IA-3','TT-3',-0.598554376,0.118427321,0.068374046,3,-1.795663
'IA-3','TT-4',0.178880265,0.195979734,0.195979734,1,0.17888
'IA-3','TT-5',0.748812985,0.090660734,0.090660734,1,0.748813
'IA-4','NH4Ac-1E-0',0.278043594,0.177655146,0.177655146,1,0.278044
'IA-4','NH4Ac-2E+1',-0.106918693,0.209277656,0.209277656,1,-0.106919
'IA-4','NH4Ac-5E-0',0.00067883,0.228909932,0.228909932,1,0.000679
'IA-4','NaCl-1E-0',-0.109497896,0.20880104,0.147644631,2,-0.218996
'IA-4','NaCl-2E+1',-0.486943151,0.139052181,0.09832474,2,-0.973887
'IA-4','NaCl-2E-1',0.292777891,0.174932365,0.123695862,2,0.175287 0.410268 
'IA-4','NaCl-5E-0',-0.464884528,0.143128438,0.101207089,2,-0.929769
'IA-4','No',0.455074911,0.125595539,0.051274164,6,0.377856 0.315625 0.664072 0.505741 0.377493 0.489662 
'IA-4','PD-2',-0.776136287,0.085611607,0.060536548,2,-1.552272
'IA-4','PD-3',-0.786523004,0.083692225,0.059179339,2,-1.573046
'IA-4','PD-4',-0.672010703,0.10485318,0.074142395,2,-1.344021
'IA-4','PD-5',-0.157371989,0.199954291,0.115443664,3,-0.261993 -0.259926 0.049803 
'IA-4','Py-2',-0.717214542,0.096499873,0.096499873,1,-0.717215
'IA-4','Py-3',-0.60258565,0.117682374,0.117682374,1,-0.602586
'IA-4','Py-4',-0.151705986,0.201001323,0.201001323,1,-0.151706
'IA-4','Py-5',0.265848332,0.179908732,0.127214685,2,0.209942 0.321755 
'IA-4','TT-2',-0.136015326,0.203900832,0.203900832,1,-0.136015
'IA-4','TT-3',-0.48519081,0.139376,0.139376,1,-0.485191
'IA-4','TT-4',-0.305723906,0.172540046,0.172540046,1,-0.305724
'IA-4','TT-5',0.184950982,0.194857914,0.137785353,2,0.032767 0.337135 
'NH4Ac-1E-0','NH4Ac-2E+1',-0.429764494,0.149618339,0.105796142,2,-0.859529
'NH4Ac-1E-0','NH4Ac-5E-0',-0.317080613,0.170441417,0.120520282,2,-0.634161
'NH4Ac-1E-0','NaCl-1E-0',-0.349994356,0.164359221,0.11621952,2,-0.699989
'NH4Ac-1E-0','NaCl-2E+1',-0.549694957,0.12745615,0.090125108,2,-1.09939
'NH4Ac-1E-0','NaCl-2E-1',-0.029493481,0.223585215,0.158098622,2,-0.107692 0.048705 
'NH4Ac-1E-0','NaCl-5E-0',-0.650933933,0.108747999,0.076896447,2,-1.301868
'NH4Ac-1E-0','No',0.164973706,0.065999754,0.023334437,8,0.233902 0.132020 0.085514 0.187901 0.205722 0.146667 0.075100 0.252965 
'NH4Ac-1E-0','PD-2',-0.423392062,0.150795913,0.150795913,1,-0.423392
'NH4Ac-1E-0','PD-3',-0.607728581,0.116732001,0.116732001,1,-0.607729
'NH4Ac-1E-0','PD-4',-0.761535371,0.088309739,0.088309739,1,-0.761535
'NH4Ac-1E-0','PD-5',-0.459288011,0.144162629,0.144162629,1,-0.459288
'NH4Ac-1E-0','Py-2',-0.619616444,0.114535219,0.114535219,1,-0.619616
'NH4Ac-1E-0','Py-3',-0.817773994,0.077917292,0.077917292,1,-0.817774
'NH4Ac-1E-0','Py-4',-0.627404154,0.113096113,0.113096113,1,-0.627404
'NH4Ac-1E-0','Py-5',-0.215680344,0.189179375,0.189179375,1,-0.21568
'NH4Ac-1E-0','TT-2',-0.643198906,0.110177369,0.110177369,1,-0.643199
'NH4Ac-1E-0','TT-3',-0.683362113,0.102755531,0.102755531,1,-0.683362
'NH4Ac-1E-0','TT-4',-0.660320914,0.10701336,0.10701336,1,-0.660321
'NH4Ac-1E-0','TT-5',-0.343701368,0.165522115,0.165522115,1,-0.343701
'NH4Ac-2E+1','NH4Ac-5E-0',0.293951852,0.174715427,0.123542463,2,0.374937 0.212966 
'NH4Ac-2E+1','NaCl-1E-0',0.178263261,0.196093752,0.138659222,2,0.185891 0.170636 
'NH4Ac-2E+1','NaCl-2E+1',-0.222234148,0.187968284,0.132913648,2,-0.444468
'NH4Ac-2E+1','NaCl-2E-1',0.446730852,0.146483092,0.103579188,2,0.377315 0.516147 
'NH4Ac-2E+1','NaCl-5E-0',-0.107070121,0.209249674,0.147961863,2,-0.237014 0.022874 
'NH4Ac-2E+1','No',0.594870835,0.122026653,0.043142937,8,0.804324 0.656648 0.636398 0.452902 0.428390 0.530220 0.603244 0.646841 
'NH4Ac-2E+1','PD-2',0.181799612,0.195440262,0.195440262,1,0.1818
'NH4Ac-2E+1','PD-3',-0.036763271,0.222241816,0.222241816,1,-0.036763
'NH4Ac-2E+1','PD-4',-0.40724643,0.153779497,0.153779497,1,-0.407246
'NH4Ac-2E+1','PD-5',-0.051946619,0.219436055,0.219436055,1,-0.051947
'NH4Ac-2E+1','Py-2',0.186157941,0.194634878,0.194634878,1,0.186158
'NH4Ac-2E+1','Py-3',-0.46832972,0.142491794,0.142491794,1,-0.46833
'NH4Ac-2E+1','Py-4',-0.165913055,0.198375971,0.198375971,1,-0.165913
'NH4Ac-2E+1','Py-5',0.037869172,0.222037455,0.222037455,1,0.037869
'NH4Ac-2E+1','TT-2',-0.264443913,0.180168258,0.180168258,1,-0.264444
'NH4Ac-2E+1','TT-3',-0.562266525,0.125133025,0.125133025,1,-0.562267
'NH4Ac-2E+1','TT-4',-0.543098953,0.128675039,0.128675039,1,-0.543099
'NH4Ac-2E+1','TT-5',-0.14888777,0.201522107,0.201522107,1,-0.148888
'NH4Ac-5E-0','NaCl-1E-0',-0.189989494,0.193926838,0.137126982,2,-0.379979
'NH4Ac-5E-0','NaCl-2E+1',-0.368979058,0.160851,0.113738833,2,-0.737958
'NH4Ac-5E-0','NaCl-2E-1',0.214982876,0.189308261,0.133861155,2,0.116786 0.313180 
'NH4Ac-5E-0','NaCl-5E-0',-0.404538304,0.154279937,0.109092389,2,-0.809077
'NH4Ac-5E-0','No',0.415437346,0.108177563,0.038246544,8,0.577637 0.519658 0.497975 0.294575 0.326734 0.394694 0.292913 0.419313 
'NH4Ac-5E-0','PD-2',-0.048748111,0.220027114,0.220027114,1,-0.048748
'NH4Ac-5E-0','PD-3',-0.34818037,0.164694431,0.164694431,1,-0.34818
'NH4Ac-5E-0','PD-4',-0.666694792,0.105835518,0.105835518,1,-0.666695
'NH4Ac-5E-0','PD-5',-0.329106188,0.168219187,0.168219187,1,-0.329106
'NH4Ac-5E-0','Py-2',-0.308960573,0.171941935,0.171941935,1,-0.308961
'NH4Ac-5E-0','Py-3',-0.739892013,0.092309258,0.092309258,1,-0.739892
'NH4Ac-5E-0','Py-4',-0.519198224,0.133091702,0.133091702,1,-0.519198
'NH4Ac-5E-0','Py-5',-0.093357203,0.211783711,0.211783711,1,-0.093357
'NH4Ac-5E-0','TT-2',-0.459491614,0.144125005,0.144125005,1,-0.459492
'NH4Ac-5E-0','TT-3',-0.63825918,0.111090191,0.111090191,1,-0.638259
'NH4Ac-5E-0','TT-4',-0.667638853,0.105661063,0.105661063,1,-0.667639
'NH4Ac-5E-0','TT-5',-0.303656996,0.172921994,0.172921994,1,-0.303657
'NaCl-1E-0','NaCl-2E+1',-0.609637404,0.116379266,0.116379266,1,-0.609637
'NaCl-1E-0','NaCl-2E-1',0.323164357,0.16931719,0.097755325,3,0.375716 0.212520 0.381257 
'NaCl-1E-0','NaCl-5E-0',-0.508552321,0.13505898,0.077976338,3,-1.525657
'NaCl-1E-0','No',0.504064363,0.138487427,0.039977877,12,0.682887 0.449842 0.461935 0.367168 0.593727 0.576601 0.491387 0.381541 0.526234 0.716767 0.227412 0.573272 
'NaCl-1E-0','PD-2',-0.358142096,0.162853584,0.115154874,2,-0.716284
'NaCl-1E-0','PD-3',-0.537308549,0.129745059,0.091743611,2,-1.074617
'NaCl-1E-0','PD-4',-0.51144406,0.134524609,0.095123264,2,-1.022889
'NaCl-1E-0','PD-5',-0.324180781,0.169129363,0.119592519,2,-0.648362
'NaCl-1E-0','Py-2',-0.771059174,0.086549816,0.061199962,2,-1.542118
'NaCl-1E-0','Py-3',-0.734751461,0.093259191,0.065944206,2,-1.469503
'NaCl-1E-0','Py-4',-0.430727799,0.149440328,0.105670269,2,-0.861456
'NaCl-1E-0','Py-5',0.00204332,0.228657785,0.16168547,2,0.053408 -0.049321 
'NaCl-1E-0','TT-2',-0.049398733,0.219906884,0.219906884,1,-0.049399
'NaCl-1E-0','TT-3',-0.729812409,0.094171888,0.094171888,1,-0.729812
'NaCl-1E-0','TT-4',-0.551090333,0.127198296,0.127198296,1,-0.55109
'NaCl-1E-0','TT-5',-0.047999074,0.22016553,0.22016553,1,-0.047999
'NaCl-2E+1','NaCl-2E-1',0.61700481,0.115017829,0.115017829,1,0.617005
'NaCl-2E+1','NaCl-5E-0',0.328390402,0.168351459,0.168351459,1,0.32839
'NaCl-2E+1','No',0.755318812,0.100447885,0.03176441,10,0.742214 0.727842 0.879676 0.838833 0.797046 0.906952 0.721176 0.702334 0.644324 0.592791 
'NaCl-2E+1','PD-2',0.289050982,0.175621069,0.124182848,2,0.320436 0.257666 
'NaCl-2E+1','PD-3',-0.100699037,0.210426999,0.148794358,2,-0.201399
'NaCl-2E+1','PD-4',-0.16251322,0.199004233,0.140717243,2,-0.358693 0.033667 
'NaCl-2E+1','PD-5',0.414371982,0.152462752,0.107807446,2,0.306065 0.522679 
'NaCl-2E+1','Py-2',-0.268307232,0.179454347,0.103608016,3,-0.804921
'NaCl-2E+1','Py-3',-0.136389481,0.203831691,0.117682281,3,-0.409168
'NaCl-2E+1','Py-4',0.053482952,0.219152153,0.126527555,3,0.123094 0.147146 -0.109791 
'NaCl-2E+1','Py-5',0.438856764,0.14793816,0.085412137,3,0.483912 0.562155 0.270504 
'NaCl-2E+1','TT-2',0.461417848,0.143769053,0.101660072,2,0.672375 0.250461 
'NaCl-2E+1','TT-3',-0.414144159,0.152504852,0.107837215,2,-0.828288
'NaCl-2E+1','TT-4',-0.049394486,0.219907669,0.155498204,2,0.075377 -0.174166 
'NaCl-2E+1','TT-5',0.429863055,0.149600126,0.105783263,2,0.508565 0.351161 
'NaCl-2E-1','NaCl-5E-0',-0.693689609,0.100847092,0.058224096,3,-2.081069
'NaCl-2E-1','No',0.20982002,0.077374067,0.019343517,16,0.226597 0.157934 0.126192 0.148337 0.132101 0.290095 0.358635 0.152783 0.137800 0.361638 0.165452 0.195079 0.200730 0.173967 0.277452 0.252329 
'NaCl-2E-1','PD-2',-0.591569164,0.119718132,0.084653503,2,-1.183138
'NaCl-2E-1','PD-3',-0.802279026,0.080780638,0.057120537,2,-1.604558
'NaCl-2E-1','PD-4',-0.801372003,0.080948248,0.057239055,2,-1.602744
'NaCl-2E-1','PD-5',-0.504173004,0.135868242,0.096073356,2,-1.008346
'NaCl-2E-1','Py-2',-0.824591057,0.076657553,0.054205076,2,-1.649183
'NaCl-2E-1','Py-3',-0.744980602,0.091368928,0.064607588,2,-1.489961
'NaCl-2E-1','Py-4',-0.584225663,0.121075152,0.085613061,2,-1.168452
'NaCl-2E-1','Py-5',-0.155627215,0.200276712,0.141617021,2,-0.311254
'NaCl-2E-1','TT-2',-0.430120841,0.149552489,0.149552489,1,-0.430121
'NaCl-2E-1','TT-3',-0.933213243,0.056585044,0.056585044,1,-0.933213
'NaCl-2E-1','TT-4',-0.860064101,0.070102419,0.070102419,1,-0.860064
'NaCl-2E-1','TT-5',-0.487484579,0.13895213,0.13895213,1,-0.487485
'NaCl-5E-0','No',0.803785328,0.086937561,0.02173439,16,0.946648 0.882845 0.731876 0.672682 0.800152 0.842329 0.721507 0.725045 0.849336 0.804037 0.716078 0.714030 0.900808 0.750671 0.880973 0.921549 
'NaCl-5E-0','PD-2',0.185679459,0.194723298,0.137690164,2,0.045088 0.326271 
'NaCl-5E-0','PD-3',-0.325500274,0.168885531,0.119420104,2,-0.651001
'NaCl-5E-0','PD-4',-0.258186512,0.181324575,0.128215837,2,-0.516373
'NaCl-5E-0','PD-5',0.105081046,0.209617239,0.148221771,2,-0.094620 0.304782 
'NaCl-5E-0','Py-2',-0.520047286,0.132934802,0.0939991,2,-1.040095
'NaCl-5E-0','Py-3',-0.452594396,0.145399556,0.102813012,2,-0.905188
'NaCl-5E-0','Py-4',-0.095896897,0.211314396,0.149421842,2,-0.191793
'NaCl-5E-0','Py-5',0.371783874,0.160332693,0.113372334,2,0.421802 0.321766 
'NaCl-5E-0','TT-2',0.578614205,0.122112105,0.122112105,1,0.578614
'NaCl-5E-0','TT-3',-0.521902438,0.132591985,0.132591985,1,-0.521902
'NaCl-5E-0','TT-4',-0.21643702,0.189039547,0.189039547,1,-0.216437
'NaCl-5E-0','TT-5',0.455364851,0.144887598,0.144887598,1,0.455365
'No','PD-2',-0.742043427,0.098886582,0.037375615,7,-5.194304
'No','PD-3',-0.828884456,0.069074596,0.026107743,7,-5.80219
'No','PD-4',-0.77703106,0.082689468,0.031253681,7,-5.439218
'No','PD-5',-0.560151209,0.136250038,0.048171663,8,-4.481208
'No','Py-2',-0.874973346,0.066535453,0.021040358,10,-8.749733
'No','Py-3',-0.879308338,0.049662184,0.015704561,10,-8.793083
'No','Py-4',-0.693677078,0.067058959,0.021205905,10,-6.93677
'No','Py-5',-0.374474569,0.133738458,0.040323662,11,-4.119218
'No','TT-2',-0.754598187,0.093854024,0.041972795,5,-3.772991
'No','TT-3',-0.933709597,0.058711973,0.026256793,5,-4.668548
'No','TT-4',-0.880894325,0.071866945,0.032139875,5,-4.404472
'No','TT-5',-0.570359192,0.11146513,0.045505449,6,-3.422156
'PD-2','PD-3',0.577558281,0.122307231,0.086484273,2,0.455347 0.699769 
'PD-2','PD-4',0.738239389,0.09261465,0.065488447,2,0.705972 0.770507 
'PD-2','PD-5',0.752586271,0.089963461,0.063613773,2,0.711322 0.793850 
'PD-2','Py-2',-0.246896268,0.183410922,0.129691107,2,-0.493793
'PD-2','Py-3',-0.386592491,0.157596179,0.111437327,2,-0.773185
'PD-2','Py-4',0.067519426,0.216558325,0.15312986,2,-0.402683 0.537721 
'PD-2','Py-5',0.188888889,0.194130221,0.194130221,1,0.188889
'PD-2','TT-2',-0.503710931,0.13595363,0.13595363,1,-0.503711
'PD-2','TT-3',-0.785107766,0.083953749,0.083953749,1,-0.785108
'PD-2','TT-4',-0.543364368,0.128625992,0.128625992,1,-0.543364
'PD-2','TT-5',0.108234759,0.209034458,0.209034458,1,0.108235
'PD-3','PD-4',0.703603449,0.099015094,0.070014244,2,0.706056 0.701151 
'PD-3','PD-5',0.732483533,0.093678286,0.066240551,2,0.771607 0.693360 
'PD-3','Py-2',-0.168091168,0.197973473,0.197973473,1,-0.168091
'PD-3','Py-3',-0.657019704,0.107623397,0.107623397,1,-0.65702
'PD-3','Py-4',0.148816327,0.201535309,0.201535309,1,0.148816
'PD-3','Py-5',0.693812233,0.100824432,0.100824432,1,0.693812
'PD-3','TT-2',0.315143197,0.170799436,0.170799436,1,0.315143
'PD-3','TT-3',-0.488508806,0.138762861,0.09812016,2,-0.977017
'PD-3','TT-4',-0.243861932,0.183971643,0.183971643,1,-0.243862
'PD-3','TT-5',0.50990267,0.134809446,0.134809446,1,0.509903
'PD-4','PD-5',0.666855989,0.10580573,0.074815949,2,0.613576 0.720136 
'PD-4','Py-2',-0.164175258,0.198697102,0.198697102,1,-0.164175
'PD-4','Py-3',-0.370163542,0.160632117,0.160632117,1,-0.370164
'PD-4','Py-4',0.256902761,0.181561802,0.181561802,1,0.256903
'PD-4','Py-5',0.700067476,0.099668513,0.099668513,1,0.700067
'PD-4','TT-2',0.386984859,0.157523673,0.157523673,1,0.386985
'PD-4','TT-3',0.016976018,0.225898342,0.225898342,1,0.016976
'PD-4','TT-4',0.252467202,0.182381458,0.182381458,1,0.252467
'PD-4','TT-5',0.634016766,0.111874155,0.111874155,1,0.634017
'PD-5','Py-2',-0.741666667,0.091981316,0.091981316,1,-0.741667
'PD-5','Py-3',-0.591991342,0.119640117,0.119640117,1,-0.591991
'PD-5','Py-4',-0.09691745,0.211125806,0.211125806,1,-0.096917
'PD-5','Py-5',0.118655857,0.207108722,0.146447982,2,0.293372 -0.056061 
'PD-5','TT-2',-0.16049589,0.199377019,0.199377019,1,-0.160496
'PD-5','TT-3',-0.39273984,0.156460198,0.156460198,1,-0.39274
'PD-5','TT-4',-0.154880594,0.200414681,0.200414681,1,-0.154881
'PD-5','TT-5',0.144422041,0.202347338,0.143081175,2,-0.044119 0.332963 
'Py-2','Py-3',0.631930263,0.112259724,0.112259724,1,0.63193
'Py-2','Py-4',0.829522374,0.075746285,0.075746285,1,0.829522
'Py-2','Py-5',0.860738902,0.069977721,0.069977721,1,0.860739
'Py-2','TT-2',0.181125619,0.195564811,0.138285204,2,0.236695 0.125557 
'Py-2','TT-3',-0.441839457,0.147386982,0.104218335,2,-0.883679
'Py-2','TT-4',-0.20952381,0.190317053,0.190317053,1,-0.209524
'Py-2','TT-5',0.329797021,0.168091527,0.168091527,1,0.329797
'Py-3','Py-4',0.762671132,0.088099859,0.088099859,1,0.762671
'Py-3','Py-5',0.938407416,0.055625202,0.055625202,1,0.938407
'Py-3','TT-2',0.354310129,0.163561701,0.115655588,2,0.599689 0.108931 
'Py-3','TT-3',-0.109490713,0.208802368,0.14764557,2,-0.218981
'Py-3','TT-4',0.025435873,0.224335029,0.224335029,1,0.025436
'Py-3','TT-5',0.529733467,0.131144873,0.131144873,1,0.529733
'Py-4','Py-5',0.658229466,0.107399842,0.107399842,1,0.658229
'Py-4','TT-2',-0.276923077,0.177862208,0.177862208,1,-0.276923
'Py-4','TT-3',-0.586642202,0.120628595,0.120628595,1,-0.586642
'Py-4','TT-4',-0.318403812,0.170196901,0.170196901,1,-0.318404
'Py-4','TT-5',0.19668175,0.192690163,0.192690163,1,0.196682
'Py-5','TT-2',-0.631642512,0.112312899,0.112312899,1,-0.631643
'Py-5','TT-3',-0.810314685,0.079295712,0.079295712,1,-0.810315
'Py-5','TT-4',-0.648202494,0.109252746,0.109252746,1,-0.648202
'Py-5','TT-5',-0.195428132,0.192921821,0.136416328,2,-0.390856
'TT-2','TT-3',0.521790532,0.132612664,0.132612664,1,0.521791
'TT-2','TT-4',0.627219139,0.113130303,0.113130303,1,0.627219
'TT-2','TT-5',0.635628417,0.111576335,0.111576335,1,0.635628
'TT-3','TT-4',0.691552952,0.101241929,0.071588855,2,0.825556 0.557550 
'TT-3','TT-5',0.950599916,0.053372126,0.053372126,1,0.9506
'TT-4','TT-5',0.838746843,0.074041677,0.074041677,1,0.838747
'DA-2','DA-2',-0.112247398,0.208292954,0.120257993,3,-0.336742
'DA-3','DA-3',-0.01142075,0.226924911,0.131015158,3,-0.068231 0.080131 -0.046163 
'DA-4','DA-4',-0.141113654,0.202958701,0.202958701,1,-0.141114
'DA-5','DA-5',0.137834037,0.203564748,0.203564748,1,0.137834
'IA-1','IA-1',0.038695652,0.221884728,0.221884728,1,0.038696
'IA-2','IA-2',-0.095946887,0.211305158,0.14941531,2,-0.191894
'IA-3','IA-3',-0.06823832,0.216425479,0.153035924,2,0.094751 -0.231228 
'IA-4','IA-4',0.028489567,0.22377073,0.158229801,2,0.087167 -0.030188 
'NH4Ac-1E-0','NH4Ac-1E-0',-0.012487086,0.226727861,0.160320808,2,0.046454 -0.071429 
'NH4Ac-2E+1','NH4Ac-2E+1',0.124856063,0.205962974,0.145637816,2,0.004459 0.245253 
'NH4Ac-5E-0','NH4Ac-5E-0',0.039749924,0.221689907,0.156758436,2,-0.089731 0.169231 
'NaCl-1E-0','NaCl-1E-0',-0.000467684,0.22894895,0.161891355,2,-0.097436 0.096501 
'NaCl-2E+1','NaCl-2E+1',0.059141547,0.21810649,0.21810649,1,0.059142
'NaCl-2E-1','NaCl-2E-1',0.095285511,0.211427375,0.149501731,2,0.070270 0.120301 
'NaCl-5E-0','NaCl-5E-0',-0.12746254,0.205481318,0.145297233,2,-0.254925
'No','No',-0.011585078,0.087818808,0.012675553,48,-0.065152 0.126577 0.000000 0.005084 0.035854 0.081847 0.066043 0.020106 -0.119552 0.096227 -0.050373 -0.059338 -0.069456 -0.009856 -0.011062 0.048846 -0.016542 0.005065 0.059779 0.070334 -0.059162 0.032460 0.022930 0.003608 -0.273825 -0.083957 -0.112218 -0.092206 -0.006564 -0.146862 -0.025616 0.024691 -0.014743 0.005011 0.090532 0.115553 0.059693 0.028112 0.056014 0.001916 -0.333333 -0.051607 -0.076921 0.042291 0.030229 -0.033968 -0.039707 0.067132 
'PD-2','PD-2',0.084449996,0.213429691,0.150917582,2,0.215455 -0.046555 
'PD-3','PD-3',-0.083049613,0.213688471,0.151100567,2,-0.166099
'PD-4','PD-4',0.04038014,0.221573448,0.156676087,2,0.109679 -0.028918 
'PD-5','PD-5',-0.182272766,0.195352827,0.138135309,2,-0.364545
'Py-2','Py-2',-0.105820106,0.209480666,0.209480666,1,-0.10582
'Py-3','Py-3',0.065217391,0.216983723,0.216983723,1,0.065217
'Py-4','Py-4',-0.007102273,0.227722931,0.227722931,1,-0.007102
'Py-5','Py-5',0.056038647,0.218679881,0.218679881,1,0.056039
'TT-2','TT-2',-0.052269171,0.21937645,0.21937645,1,-0.052269
'TT-3','TT-3',-0.05326087,0.219193192,0.219193192,1,-0.053261
'TT-4','TT-4',-0.063927478,0.217222088,0.217222088,1,-0.063927
'TT-5','TT-5',0.005698579,0.227982322,0.227982322,1,0.005699
